"id:ID(Evidence)","module","symbol","symbol_kind","line:int","quote","uri","sha256",":LABEL"
"evi:code:space_group:0","agentsg/space_groups.py","","module","2","The 230 standard-setting space groups: number, Hermann-Mauguin symbol,","https://github.com/phzwart/agentsg/blob/main/agentsg/src/agentsg/space_groups.py","eafe184f67476b6e55638be430331a160d50e7b07861b719c1d7b5fff2ea65ce","CodeEvidence"
"evi:code:space_group:1","agentsg/group.py","close_group","FunctionDef","23","Compute the closed space-group operation set by repeated composition.","https://github.com/phzwart/agentsg/blob/main/agentsg/src/agentsg/group.py","f2f125e7e220680de009f7a20ccfe68a4d619069d10e73dabf8713795e4dd86d","CodeEvidence"
"evi:code:space_group:2","agentsg/__init__.py","","module","2","agentsg: exact-rational space-group algebra for all 230 groups.","https://github.com/phzwart/agentsg/blob/main/agentsg/src/agentsg/__init__.py","7a82b703f26aa7e0a1545931ed8fa9676735460f4257b79da17e812bcf9e8f7b","CodeEvidence"
"evi:code:symmetry_operation:0","agentsg/symmetry_op.py","","module","2","A crystallographic symmetry operation (W, w): x' = W x + w (mod 1).","https://github.com/phzwart/agentsg/blob/main/agentsg/src/agentsg/symmetry_op.py","4bff3d68b1e86ab0451668d0e64d289c45f5b5bdde2281548d3b34cec4964ed9","CodeEvidence"
"evi:code:symmetry_operation:1","agentsg/symmetry_op.py","SymmetryOp","ClassDef","41","Exact Seitz symmetry operator (W, w) acting as x' = W x + w (mod 1).","https://github.com/phzwart/agentsg/blob/main/agentsg/src/agentsg/symmetry_op.py","4bff3d68b1e86ab0451668d0e64d289c45f5b5bdde2281548d3b34cec4964ed9","CodeEvidence"
"evi:code:point_group:0","agentsg/group.py","point_group","FunctionDef","51","The set of distinct rotation parts W, ignoring translations -- this","https://github.com/phzwart/agentsg/blob/main/agentsg/src/agentsg/group.py","f2f125e7e220680de009f7a20ccfe68a4d619069d10e73dabf8713795e4dd86d","CodeEvidence"
"evi:code:laue_class:0","agentsg/asu.py","laue_class","FunctionDef","45","Laue-class symbol for a space group (e.g. ``'2/m'``, ``'m-3m'``).","https://github.com/phzwart/agentsg/blob/main/agentsg/src/agentsg/asu.py","a6c388acb4030942f52c58ae22d83b2b5028be810444e08e404cd95a397f08ae","CodeEvidence"
"evi:code:laue_class:1","agentsg/reflections.py","laue_multiplicity","FunctionDef","373","Multiplicity under the Laue group (point group closed by inversion).","https://github.com/phzwart/agentsg/blob/main/agentsg/src/agentsg/reflections.py","3963fd02b5b76c010549ec312de93021b308e2e3530fbbe960ef75a36851f3d1","CodeEvidence"
"evi:code:laue_class:2","agentsg/cell/ambiguity.py","_laue_matrices","FunctionDef","72","Rotation matrices of the crystal Laue group (point group closed with -I).","https://github.com/phzwart/agentsg/blob/main/agentsg/src/agentsg/cell/ambiguity.py","58f030d95e24dc20563eef1f52ea4290f369b45b1c0ed093f510b7813e4acf35","CodeEvidence"
"evi:code:laue_class:3","agentsg/asu.py","_laue_ops","FunctionDef","461","Generate the full Laue group operations with zero translation.","https://github.com/phzwart/agentsg/blob/main/agentsg/src/agentsg/asu.py","a6c388acb4030942f52c58ae22d83b2b5028be810444e08e404cd95a397f08ae","CodeEvidence"
"evi:code:laue_class:4","agentsg/cell/ambiguity.py","_laue_rows","FunctionDef","360","Rotation matrix rows for the crystal Laue group.","https://github.com/phzwart/agentsg/blob/main/agentsg/src/agentsg/cell/ambiguity.py","58f030d95e24dc20563eef1f52ea4290f369b45b1c0ed093f510b7813e4acf35","CodeEvidence"
"evi:code:holohedry:0","agentsg/lattice_symmetry.py","","module","2","Lattice (metric) symmetry determination -- Le Page (1982) / Lebedev et al. (2006).","https://github.com/phzwart/agentsg/blob/main/agentsg/src/agentsg/lattice_symmetry.py","b352e5df08b3b56c056856b18b4609f8f39e0ba2f143ef69e9cc702f0ab706dc","CodeEvidence"
"evi:code:holohedry:1","agentsg/lattice_symmetry.py","lattice_symmetry","FunctionDef","280","Determine the metric (lattice) symmetry of a unit cell.","https://github.com/phzwart/agentsg/blob/main/agentsg/src/agentsg/lattice_symmetry.py","b352e5df08b3b56c056856b18b4609f8f39e0ba2f143ef69e9cc702f0ab706dc","CodeEvidence"
"evi:code:centrosymmetry:0","agentsg/group.py","is_centrosymmetric","FunctionDef","85","True if the point group contains inversion (−I).","https://github.com/phzwart/agentsg/blob/main/agentsg/src/agentsg/group.py","f2f125e7e220680de009f7a20ccfe68a4d619069d10e73dabf8713795e4dd86d","CodeEvidence"
"evi:code:centrosymmetry:1","agentsg/cell/diagrams.py","draw_inversion","FunctionDef","1017","Draw an ITA inversion centre symbol (small open circle) at xy.","https://github.com/phzwart/agentsg/blob/main/agentsg/src/agentsg/cell/diagrams.py","233c165dd9284833ba41ced3b87f5ac7a651247b30af938a7a1e78689ce2ee04","CodeEvidence"
"evi:code:inversion_centre:0","agentsg/group.py","is_centrosymmetric","FunctionDef","85","True if the point group contains inversion (−I).","https://github.com/phzwart/agentsg/blob/main/agentsg/src/agentsg/group.py","f2f125e7e220680de009f7a20ccfe68a4d619069d10e73dabf8713795e4dd86d","CodeEvidence"
"evi:code:inversion_centre:1","agentsg/cell/selling_group.py","inversion_cob","FunctionDef","88","The inversion -I (global negation of the superbase), as a change of","https://github.com/phzwart/agentsg/blob/main/agentsg/src/agentsg/cell/selling_group.py","68d7e948d1cbc66385b15cc46fa7288e59f21bf42e75146c1121d5e69f3a98b8","CodeEvidence"
"evi:code:inversion_centre:2","agentsg/cell/diagrams.py","_draw_axis_inversion","FunctionDef","866","Open circle in the middle of a lens: the −1 of a 2/m or 2₁/m symbol.","https://github.com/phzwart/agentsg/blob/main/agentsg/src/agentsg/cell/diagrams.py","233c165dd9284833ba41ced3b87f5ac7a651247b30af938a7a1e78689ce2ee04","CodeEvidence"
"evi:code:group_closure:0","agentsg/group.py","","module","2","Build a full space-group operation list from a small generator set, by","https://github.com/phzwart/agentsg/blob/main/agentsg/src/agentsg/group.py","f2f125e7e220680de009f7a20ccfe68a4d619069d10e73dabf8713795e4dd86d","CodeEvidence"
"evi:code:group_closure:1","agentsg/group.py","close_group","FunctionDef","23","Compute the closed space-group operation set by repeated composition.","https://github.com/phzwart/agentsg/blob/main/agentsg/src/agentsg/group.py","f2f125e7e220680de009f7a20ccfe68a4d619069d10e73dabf8713795e4dd86d","CodeEvidence"
"evi:code:group_closure:2","agentsg/cell/selling_group.py","expand_group","FunctionDef","109","Expand a set of change-of-basis generators to the group they generate,","https://github.com/phzwart/agentsg/blob/main/agentsg/src/agentsg/cell/selling_group.py","68d7e948d1cbc66385b15cc46fa7288e59f21bf42e75146c1121d5e69f3a98b8","CodeEvidence"
"evi:code:generators_of_a_group:0","agentsg/generators.py","","module","2","Seed generator table.","https://github.com/phzwart/agentsg/blob/main/agentsg/src/agentsg/generators.py","8bf8a5659fde668cb27d0fa7700ef8aef18590efb374ee825298d1d34cd2cb9f","CodeEvidence"
"evi:code:generators_of_a_group:1","agentsg/hall.py","","module","2","Hall space-group symbol parser (Hall, *Acta Cryst.* A37, 517 (1981); ITA Vol. B","https://github.com/phzwart/agentsg/blob/main/agentsg/src/agentsg/hall.py","c15d0e3378e54f5ee22eab4acac7b2cba2ad97a97fb39712d1e8aad7f88ddafd","CodeEvidence"
"evi:code:hall_symbol:0","agentsg/hall.py","","module","2","Hall space-group symbol parser (Hall, *Acta Cryst.* A37, 517 (1981); ITA Vol. B","https://github.com/phzwart/agentsg/blob/main/agentsg/src/agentsg/hall.py","c15d0e3378e54f5ee22eab4acac7b2cba2ad97a97fb39712d1e8aad7f88ddafd","CodeEvidence"
"evi:code:hall_symbol:1","agentsg/hall.py","parse_hall","FunctionDef","170","Parse a Hall symbol into (generators, centering_vectors).","https://github.com/phzwart/agentsg/blob/main/agentsg/src/agentsg/hall.py","c15d0e3378e54f5ee22eab4acac7b2cba2ad97a97fb39712d1e8aad7f88ddafd","CodeEvidence"
"evi:code:hall_symbol:2","agentsg/hall.py","ops_from_hall","FunctionDef","277","Convenience: parse a Hall symbol and return the closed operation set.","https://github.com/phzwart/agentsg/blob/main/agentsg/src/agentsg/hall.py","c15d0e3378e54f5ee22eab4acac7b2cba2ad97a97fb39712d1e8aad7f88ddafd","CodeEvidence"
"evi:code:hall_symbol:3","agentsg/hall.py","_parse_generator","FunctionDef","109","Parse one Hall generator token -> (Matrix3 W, Vector3 w, order).","https://github.com/phzwart/agentsg/blob/main/agentsg/src/agentsg/hall.py","c15d0e3378e54f5ee22eab4acac7b2cba2ad97a97fb39712d1e8aad7f88ddafd","CodeEvidence"
"evi:code:hermann_mauguin_symbol:0","agentsg/space_groups.py","space_group","FunctionDef","329","Look up a space group by number (1-230), Hermann-Mauguin symbol, or Hall symbol.","https://github.com/phzwart/agentsg/blob/main/agentsg/src/agentsg/space_groups.py","eafe184f67476b6e55638be430331a160d50e7b07861b719c1d7b5fff2ea65ce","CodeEvidence"
"evi:code:hermann_mauguin_symbol:1","agentsg/ita_settings.py","display_hm","FunctionDef","582","ITA name of one setting, with origin choice or rhombohedral axes spelled out.","https://github.com/phzwart/agentsg/blob/main/agentsg/src/agentsg/ita_settings.py","5c7be6f83602de11f91d2a25d7db7fcdf83613413512c6028e38a2d7a1cfd969","CodeEvidence"
"evi:code:hermann_mauguin_symbol:2","agentsg/cell/diagrams.py","_display_hm","FunctionDef","134","Compact a spaced HM symbol and print screw indices as subscripts.","https://github.com/phzwart/agentsg/blob/main/agentsg/src/agentsg/cell/diagrams.py","233c165dd9284833ba41ced3b87f5ac7a651247b30af938a7a1e78689ce2ee04","CodeEvidence"
"evi:code:ita_setting:0","agentsg/ita_settings.py","","module","1","ITA alternate settings.","https://github.com/phzwart/agentsg/blob/main/agentsg/src/agentsg/ita_settings.py","5c7be6f83602de11f91d2a25d7db7fcdf83613413512c6028e38a2d7a1cfd969","CodeEvidence"
"evi:code:ita_setting:1","agentsg/ita_settings.py","lookup_setting","FunctionDef","621","Return an ITA setting row for an extended symbol, or None.","https://github.com/phzwart/agentsg/blob/main/agentsg/src/agentsg/ita_settings.py","5c7be6f83602de11f91d2a25d7db7fcdf83613413512c6028e38a2d7a1cfd969","CodeEvidence"
"evi:code:extended_setting_notation:0","agentsg/setting.py","","module","2","Extended setting notation: a base space group with an *attached change of basis*.","https://github.com/phzwart/agentsg/blob/main/agentsg/src/agentsg/setting.py","ebeee2685f4accb6bcaf0c39406c5ae5f70743c76b1956b3e13d0baa103a317c","CodeEvidence"
"evi:code:extended_setting_notation:1","agentsg/setting.py","parse_cob","FunctionDef","150","Parse a parenthesised change-of-basis string into a ChangeOfBasis(P, p).","https://github.com/phzwart/agentsg/blob/main/agentsg/src/agentsg/setting.py","ebeee2685f4accb6bcaf0c39406c5ae5f70743c76b1956b3e13d0baa103a317c","CodeEvidence"
"evi:code:extended_setting_notation:2","agentsg/setting.py","SpaceGroupSetting","ClassDef","259","A base space group viewed through an attached change of basis.","https://github.com/phzwart/agentsg/blob/main/agentsg/src/agentsg/setting.py","ebeee2685f4accb6bcaf0c39406c5ae5f70743c76b1956b3e13d0baa103a317c","CodeEvidence"
"evi:code:extended_setting_notation:3","agentsg/setting.py","format_cob","FunctionDef","332","Render a ChangeOfBasis back into the parenthesised column notation.","https://github.com/phzwart/agentsg/blob/main/agentsg/src/agentsg/setting.py","ebeee2685f4accb6bcaf0c39406c5ae5f70743c76b1956b3e13d0baa103a317c","CodeEvidence"
"evi:code:extended_setting_notation:4","agentsg/setting.py","_lattice_coset_ops","FunctionDef","238","Images of the integer lattice under P^-1, reduced mod 1 -- the centring","https://github.com/phzwart/agentsg/blob/main/agentsg/src/agentsg/setting.py","ebeee2685f4accb6bcaf0c39406c5ae5f70743c76b1956b3e13d0baa103a317c","CodeEvidence"
"evi:code:extended_setting_notation:5","agentsg/setting.py","parse_setting","FunctionDef","224","Parse '<base> (<cob>)' into (base_key, ChangeOfBasis).","https://github.com/phzwart/agentsg/blob/main/agentsg/src/agentsg/setting.py","ebeee2685f4accb6bcaf0c39406c5ae5f70743c76b1956b3e13d0baa103a317c","CodeEvidence"
"evi:code:change_of_basis:0","agentsg/change_of_basis.py","","module","2","Change-of-basis / reindexing operator (P, p).","https://github.com/phzwart/agentsg/blob/main/agentsg/src/agentsg/change_of_basis.py","be1c03a26c68feadc7c1a03c46e94aed81113893badec8f75574e95ad7601291","CodeEvidence"
"evi:code:change_of_basis:1","agentsg/change_of_basis.py","ChangeOfBasis","ClassDef","28","Exact rational change-of-basis operator (P, p).","https://github.com/phzwart/agentsg/blob/main/agentsg/src/agentsg/change_of_basis.py","be1c03a26c68feadc7c1a03c46e94aed81113893badec8f75574e95ad7601291","CodeEvidence"
"evi:code:covariance_contravariance:0","agentsg/change_of_basis.py","","module","2","Change-of-basis / reindexing operator (P, p).","https://github.com/phzwart/agentsg/blob/main/agentsg/src/agentsg/change_of_basis.py","be1c03a26c68feadc7c1a03c46e94aed81113893badec8f75574e95ad7601291","CodeEvidence"
"evi:code:covariance_contravariance:1","agentsg/group.py","transform_hkl","FunctionDef","62","Miller indices as a row vector: h' = h @ W.","https://github.com/phzwart/agentsg/blob/main/agentsg/src/agentsg/group.py","f2f125e7e220680de009f7a20ccfe68a4d619069d10e73dabf8713795e4dd86d","CodeEvidence"
"evi:code:origin_shift:0","agentsg/hall.py","","module","2","Hall space-group symbol parser (Hall, *Acta Cryst.* A37, 517 (1981); ITA Vol. B","https://github.com/phzwart/agentsg/blob/main/agentsg/src/agentsg/hall.py","c15d0e3378e54f5ee22eab4acac7b2cba2ad97a97fb39712d1e8aad7f88ddafd","CodeEvidence"
"evi:code:origin_shift:1","agentsg/identify.py","_conjugate_by_origin","FunctionDef","78","Conjugate an operation set by the origin shift (I, p).","https://github.com/phzwart/agentsg/blob/main/agentsg/src/agentsg/identify.py","8281a15347d0ada0efdc15045243ca80843cfc9e578ce12306f5c2c90cfe664f","CodeEvidence"
"evi:code:origin_shift:2","agentsg/identify.py","_origin_shift_to_standard","FunctionDef","87","Return p such that conjugating ops_in by (I, p) yields ops_std.","https://github.com/phzwart/agentsg/blob/main/agentsg/src/agentsg/identify.py","8281a15347d0ada0efdc15045243ca80843cfc9e578ce12306f5c2c90cfe664f","CodeEvidence"
"evi:code:conjugation:0","agentsg/identify.py","_conjugate_by_origin","FunctionDef","78","Conjugate an operation set by the origin shift (I, p).","https://github.com/phzwart/agentsg/blob/main/agentsg/src/agentsg/identify.py","8281a15347d0ada0efdc15045243ca80843cfc9e578ce12306f5c2c90cfe664f","CodeEvidence"
"evi:code:conjugation:1","agentsg/hall.py","","module","2","Hall space-group symbol parser (Hall, *Acta Cryst.* A37, 517 (1981); ITA Vol. B","https://github.com/phzwart/agentsg/blob/main/agentsg/src/agentsg/hall.py","c15d0e3378e54f5ee22eab4acac7b2cba2ad97a97fb39712d1e8aad7f88ddafd","CodeEvidence"
"evi:code:lattice_centring:0","agentsg/group.py","centering_translations","FunctionDef","57","The subset of operations with W = identity -- the Bravais centering.","https://github.com/phzwart/agentsg/blob/main/agentsg/src/agentsg/group.py","f2f125e7e220680de009f7a20ccfe68a4d619069d10e73dabf8713795e4dd86d","CodeEvidence"
"evi:code:lattice_centring:1","agentsg/hall.py","","module","2","Hall space-group symbol parser (Hall, *Acta Cryst.* A37, 517 (1981); ITA Vol. B","https://github.com/phzwart/agentsg/blob/main/agentsg/src/agentsg/hall.py","c15d0e3378e54f5ee22eab4acac7b2cba2ad97a97fb39712d1e8aad7f88ddafd","CodeEvidence"
"evi:code:lattice_centring:2","agentsg/cell/primitive.py","","module","1","Conventional-to-primitive cell reduction for centred lattices.","https://github.com/phzwart/agentsg/blob/main/agentsg/src/agentsg/cell/primitive.py","d794e48761ae8342658cde7fb55f4db933fc067180f19c26d514cd91b2c156d7","CodeEvidence"
"evi:code:lattice_centring:3","agentsg/cell/diagrams.py","_centring_translations","FunctionDef","2103","Centring translations (incl. origin), derived from the operation set.","https://github.com/phzwart/agentsg/blob/main/agentsg/src/agentsg/cell/diagrams.py","233c165dd9284833ba41ced3b87f5ac7a651247b30af938a7a1e78689ce2ee04","CodeEvidence"
"evi:code:lattice_centring:4","agentsg/cell/diagrams.py","_draw_centring_markers","FunctionDef","2123","Explicitly indicate pure lattice (centring) translations.","https://github.com/phzwart/agentsg/blob/main/agentsg/src/agentsg/cell/diagrams.py","233c165dd9284833ba41ced3b87f5ac7a651247b30af938a7a1e78689ce2ee04","CodeEvidence"
"evi:code:bravais_lattice:0","agentsg/cell/primitive.py","","module","1","Conventional-to-primitive cell reduction for centred lattices.","https://github.com/phzwart/agentsg/blob/main/agentsg/src/agentsg/cell/primitive.py","d794e48761ae8342658cde7fb55f4db933fc067180f19c26d514cd91b2c156d7","CodeEvidence"
"evi:code:bravais_lattice:1","agentsg/cell/g6.py","","module","2","G6 / S6 lattice embeddings and boundary-aware distances.","https://github.com/phzwart/agentsg/blob/main/agentsg/src/agentsg/cell/g6.py","48b8df3ea479da734f3862cd4193794f2a5bf0bec51e8c7a8620dcb2c5881b38","CodeEvidence"
"evi:code:lattice:0","agentsg/cell/symmetry_elements.py","translation_lattice","FunctionDef","187","Lattice vectors in a neighbourhood of the origin, including centring.","https://github.com/phzwart/agentsg/blob/main/agentsg/src/agentsg/cell/symmetry_elements.py","683dba1978e4faf1da311e39bcb512ee3bd8566d4f73d1c473c1eda1cc21f938","CodeEvidence"
"evi:code:lattice:1","agentsg/semi_invariants.py","_primitive_basis","FunctionDef","58","Rows are a basis of ``L = Z³ + <centring>`` (row Hermite normal form).","https://github.com/phzwart/agentsg/blob/main/agentsg/src/agentsg/semi_invariants.py","d935951a7a4d9a3de8362d924daea809c15b0495b0149a1079fc6daea6ddb18a","CodeEvidence"
"evi:code:integer_lattice:0","agentsg/reflection_lattice.py","_int_kernel","FunctionDef","56","Basis of ``{x in Z^n : A x = 0}`` (saturated) by unimodular column","https://github.com/phzwart/agentsg/blob/main/agentsg/src/agentsg/reflection_lattice.py","538655915e70d6509ce88d3e57feb8db3eb358261c18aa7366ac2a4c493ff50c","CodeEvidence"
"evi:code:integer_lattice:1","agentsg/subgroups.py","_kernel_basis","FunctionDef","391","Columns of a Z-basis of {x ∈ Z³ : n·x ≡ 0 (mod p)}; det ±p.","https://github.com/phzwart/agentsg/blob/main/agentsg/src/agentsg/subgroups.py","29ba27f72e7cbb65bff2a471d1f2b3cbcf970715fa154f7c74cce9ec15b52899","CodeEvidence"
"evi:code:integer_lattice:2","agentsg/cell/sublattice.py","","module","2","Sublattice generation via the Hermite normal form (HNF).","https://github.com/phzwart/agentsg/blob/main/agentsg/src/agentsg/cell/sublattice.py","872987fe109d93e870696807207fc15fd59c57c3cfac61d1f219f15d9d68d409","CodeEvidence"
"evi:code:crystal_system:0","agentsg/space_groups.py","","module","2","The 230 standard-setting space groups: number, Hermann-Mauguin symbol,","https://github.com/phzwart/agentsg/blob/main/agentsg/src/agentsg/space_groups.py","eafe184f67476b6e55638be430331a160d50e7b07861b719c1d7b5fff2ea65ce","CodeEvidence"
"evi:code:crystal_system:1","agentsg/cell/constraints.py","","module","2","The ONE sanctioned crossing of the exact/numeric boundary (see docs/DESIGN.md).","https://github.com/phzwart/agentsg/blob/main/agentsg/src/agentsg/cell/constraints.py","42f8e158b940fa388f9b813f7d9c2332e6a8cd9d687381f1cff5cb5bca8c787f","CodeEvidence"
"evi:code:crystal_system:2","agentsg/cell/constraints.py","free_metric_parameters","FunctionDef","78","Number of independent free parameters in a metric tensor invariant under","https://github.com/phzwart/agentsg/blob/main/agentsg/src/agentsg/cell/constraints.py","42f8e158b940fa388f9b813f7d9c2332e6a8cd9d687381f1cff5cb5bca8c787f","CodeEvidence"
"evi:code:crystal_family:0","agentsg/reflection_lattice.py","crystal_family","FunctionDef","517","Lattice family and principal-axis index derived from the point group.","https://github.com/phzwart/agentsg/blob/main/agentsg/src/agentsg/reflection_lattice.py","538655915e70d6509ce88d3e57feb8db3eb358261c18aa7366ac2a4c493ff50c","CodeEvidence"
"evi:code:crystallographic_restriction:0","agentsg/reflection_lattice.py","_matrix_order","FunctionDef","558","Order of integer rotation matrix W (smallest n>=1 with W^n = I).","https://github.com/phzwart/agentsg/blob/main/agentsg/src/agentsg/reflection_lattice.py","538655915e70d6509ce88d3e57feb8db3eb358261c18aa7366ac2a4c493ff50c","CodeEvidence"
"evi:code:crystallographic_restriction:1","agentsg/lattice_symmetry.py","_lebedev_matrices","FunctionDef","63","All 480 unimodular integer 3x3 matrices with elements in {-1, 0, 1} and finite order.","https://github.com/phzwart/agentsg/blob/main/agentsg/src/agentsg/lattice_symmetry.py","b352e5df08b3b56c056856b18b4609f8f39e0ba2f143ef69e9cc702f0ab706dc","CodeEvidence"
"evi:code:symmetry_element:0","agentsg/cell/symmetry_elements.py","","module","1","Exact classification of crystallographic symmetry elements.","https://github.com/phzwart/agentsg/blob/main/agentsg/src/agentsg/cell/symmetry_elements.py","683dba1978e4faf1da311e39bcb512ee3bd8566d4f73d1c473c1eda1cc21f938","CodeEvidence"
"evi:code:symmetry_element:1","agentsg/cell/symmetry_elements.py","classify_element","FunctionDef","445","Classify ``(W, w)`` as an ITA symmetry element.","https://github.com/phzwart/agentsg/blob/main/agentsg/src/agentsg/cell/symmetry_elements.py","683dba1978e4faf1da311e39bcb512ee3bd8566d4f73d1c473c1eda1cc21f938","CodeEvidence"
"evi:code:symmetry_element:2","agentsg/cell/symmetry_elements.py","Lattice","ClassDef","205","Translation lattice with the fixed-space vectors of each ``W`` cached.","https://github.com/phzwart/agentsg/blob/main/agentsg/src/agentsg/cell/symmetry_elements.py","683dba1978e4faf1da311e39bcb512ee3bd8566d4f73d1c473c1eda1cc21f938","CodeEvidence"
"evi:code:symmetry_element:3","agentsg/cell/symmetry_elements.py","_canonical_line","FunctionDef","327","Point of the line nearest the origin, inside the unit cell.","https://github.com/phzwart/agentsg/blob/main/agentsg/src/agentsg/cell/symmetry_elements.py","683dba1978e4faf1da311e39bcb512ee3bd8566d4f73d1c473c1eda1cc21f938","CodeEvidence"
"evi:code:symmetry_element:4","agentsg/cell/symmetry_elements.py","_canonical_plane","FunctionDef","349","Point of the plane nearest the origin, folded into the unit cell.","https://github.com/phzwart/agentsg/blob/main/agentsg/src/agentsg/cell/symmetry_elements.py","683dba1978e4faf1da311e39bcb512ee3bd8566d4f73d1c473c1eda1cc21f938","CodeEvidence"
"evi:code:symmetry_element:5","agentsg/cell/diagrams.py","classify_element","FunctionDef","1796","Classify a symmetry operation (W, w) as an ITA symmetry element.","https://github.com/phzwart/agentsg/blob/main/agentsg/src/agentsg/cell/diagrams.py","233c165dd9284833ba41ced3b87f5ac7a651247b30af938a7a1e78689ce2ee04","CodeEvidence"
"evi:code:symmetry_element:6","agentsg/cell/diagrams.py","classify_space_group","FunctionDef","1807","Classify every operation of a space group. Returns a list of element","https://github.com/phzwart/agentsg/blob/main/agentsg/src/agentsg/cell/diagrams.py","233c165dd9284833ba41ced3b87f5ac7a651247b30af938a7a1e78689ce2ee04","CodeEvidence"
"evi:code:screw_axis:0","agentsg/hall.py","","module","2","Hall space-group symbol parser (Hall, *Acta Cryst.* A37, 517 (1981); ITA Vol. B","https://github.com/phzwart/agentsg/blob/main/agentsg/src/agentsg/hall.py","c15d0e3378e54f5ee22eab4acac7b2cba2ad97a97fb39712d1e8aad7f88ddafd","CodeEvidence"
"evi:code:screw_axis:1","agentsg/cell/symmetry_elements.py","classify_element","FunctionDef","445","Classify ``(W, w)`` as an ITA symmetry element.","https://github.com/phzwart/agentsg/blob/main/agentsg/src/agentsg/cell/symmetry_elements.py","683dba1978e4faf1da311e39bcb512ee3bd8566d4f73d1c473c1eda1cc21f938","CodeEvidence"
"evi:code:screw_axis:2","agentsg/reflections.py","","module","2","Reflection conditions (systematic absences) derived from the operation list.","https://github.com/phzwart/agentsg/blob/main/agentsg/src/agentsg/reflections.py","3963fd02b5b76c010549ec312de93021b308e2e3530fbbe960ef75a36851f3d1","CodeEvidence"
"evi:code:glide_plane:0","agentsg/cell/symmetry_elements.py","_glide_symbol","FunctionDef","370","ITA glide letter for a reduced intrinsic translation lying in the plane.","https://github.com/phzwart/agentsg/blob/main/agentsg/src/agentsg/cell/symmetry_elements.py","683dba1978e4faf1da311e39bcb512ee3bd8566d4f73d1c473c1eda1cc21f938","CodeEvidence"
"evi:code:glide_plane:1","agentsg/reflections.py","","module","2","Reflection conditions (systematic absences) derived from the operation list.","https://github.com/phzwart/agentsg/blob/main/agentsg/src/agentsg/reflections.py","3963fd02b5b76c010549ec312de93021b308e2e3530fbbe960ef75a36851f3d1","CodeEvidence"
"evi:code:rotoinversion:0","agentsg/hall.py","","module","2","Hall space-group symbol parser (Hall, *Acta Cryst.* A37, 517 (1981); ITA Vol. B","https://github.com/phzwart/agentsg/blob/main/agentsg/src/agentsg/hall.py","c15d0e3378e54f5ee22eab4acac7b2cba2ad97a97fb39712d1e8aad7f88ddafd","CodeEvidence"
"evi:code:rotoinversion:1","agentsg/cell/diagrams.py","_draw_bar4","FunctionDef","874","ITA −4: an open square with a lens inscribed in it.","https://github.com/phzwart/agentsg/blob/main/agentsg/src/agentsg/cell/diagrams.py","233c165dd9284833ba41ced3b87f5ac7a651247b30af938a7a1e78689ce2ee04","CodeEvidence"
"evi:code:mirror_plane:0","agentsg/cell/symmetry_elements.py","","module","1","Exact classification of crystallographic symmetry elements.","https://github.com/phzwart/agentsg/blob/main/agentsg/src/agentsg/cell/symmetry_elements.py","683dba1978e4faf1da311e39bcb512ee3bd8566d4f73d1c473c1eda1cc21f938","CodeEvidence"
"evi:code:mirror_plane:1","agentsg/reflection_lattice.py","","module","2","Reflection conditions as sublattices in projection.","https://github.com/phzwart/agentsg/blob/main/agentsg/src/agentsg/reflection_lattice.py","538655915e70d6509ce88d3e57feb8db3eb358261c18aa7366ac2a4c493ff50c","CodeEvidence"
"evi:code:intrinsic_translation:0","agentsg/cell/symmetry_elements.py","_reduce_intrinsic","FunctionDef","251","Shortest representative of ``t`` modulo lattice vectors fixed by ``W``.","https://github.com/phzwart/agentsg/blob/main/agentsg/src/agentsg/cell/symmetry_elements.py","683dba1978e4faf1da311e39bcb512ee3bd8566d4f73d1c473c1eda1cc21f938","CodeEvidence"
"evi:code:intrinsic_translation:1","agentsg/cell/symmetry_elements.py","","module","1","Exact classification of crystallographic symmetry elements.","https://github.com/phzwart/agentsg/blob/main/agentsg/src/agentsg/cell/symmetry_elements.py","683dba1978e4faf1da311e39bcb512ee3bd8566d4f73d1c473c1eda1cc21f938","CodeEvidence"
"evi:code:intrinsic_translation:2","agentsg/cell/symmetry_elements.py","_shortest_along","FunctionDef","299","Shortest lattice vector pointing the same way as ``axis``.","https://github.com/phzwart/agentsg/blob/main/agentsg/src/agentsg/cell/symmetry_elements.py","683dba1978e4faf1da311e39bcb512ee3bd8566d4f73d1c473c1eda1cc21f938","CodeEvidence"
"evi:code:fixed_point_locus:0","agentsg/wyckoff.py","","module","2","Wyckoff positions, site symmetry, and orbits -- all *computed* from the exact","https://github.com/phzwart/agentsg/blob/main/agentsg/src/agentsg/wyckoff.py","509f03408b4905eaf1b9799ecf76f0a72c24ab0ad01a162902a557d9e7128851","CodeEvidence"
"evi:code:fixed_point_locus:1","agentsg/wyckoff.py","fixed_locus","FunctionDef","84","All points in the unit cell fixed by ``op`` modulo the lattice.","https://github.com/phzwart/agentsg/blob/main/agentsg/src/agentsg/wyckoff.py","509f03408b4905eaf1b9799ecf76f0a72c24ab0ad01a162902a557d9e7128851","CodeEvidence"
"evi:code:fixed_point_locus:2","agentsg/cell/symmetry_elements.py","_particular","FunctionDef","165","One solution of A x = b. Free variables are 0. None if inconsistent.","https://github.com/phzwart/agentsg/blob/main/agentsg/src/agentsg/cell/symmetry_elements.py","683dba1978e4faf1da311e39bcb512ee3bd8566d4f73d1c473c1eda1cc21f938","CodeEvidence"
"evi:code:fixed_subspace:0","agentsg/reflection_lattice.py","_fixed_lattice","FunctionDef","261","Saturated basis of ``{h in Z^3 : h W = h}`` (row-vector action).","https://github.com/phzwart/agentsg/blob/main/agentsg/src/agentsg/reflection_lattice.py","538655915e70d6509ce88d3e57feb8db3eb358261c18aa7366ac2a4c493ff50c","CodeEvidence"
"evi:code:fixed_subspace:1","agentsg/lattice_symmetry.py","_two_fold_axis_direct","FunctionDef","87","Direct-space axis of a two-fold: the +1 eigenvector, as an integer triple.","https://github.com/phzwart/agentsg/blob/main/agentsg/src/agentsg/lattice_symmetry.py","b352e5df08b3b56c056856b18b4609f8f39e0ba2f143ef69e9cc702f0ab706dc","CodeEvidence"
"evi:code:fixed_subspace:2","agentsg/semi_invariants.py","","module","2","Allowed origins and structure semi-invariants, as one lattice computation.","https://github.com/phzwart/agentsg/blob/main/agentsg/src/agentsg/semi_invariants.py","d935951a7a4d9a3de8362d924daea809c15b0495b0149a1079fc6daea6ddb18a","CodeEvidence"
"evi:code:ita_diagrams:0","agentsg/cell/diagrams.py","","module","1","ITA-style space-group diagrams (general-position and symmetry-element).","https://github.com/phzwart/agentsg/blob/main/agentsg/src/agentsg/cell/diagrams.py","233c165dd9284833ba41ced3b87f5ac7a651247b30af938a7a1e78689ce2ee04","CodeEvidence"
"evi:code:ita_diagrams:1","agentsg/cell/diagrams.py","general_position_diagram","FunctionDef","1310","Draw the ITA general-position (equivalent-points) diagram.","https://github.com/phzwart/agentsg/blob/main/agentsg/src/agentsg/cell/diagrams.py","233c165dd9284833ba41ced3b87f5ac7a651247b30af938a7a1e78689ce2ee04","CodeEvidence"
"evi:code:ita_diagrams:2","agentsg/cell/diagrams.py","symmetry_element_diagram","FunctionDef","2165","Draw the ITA symmetry-element diagram.","https://github.com/phzwart/agentsg/blob/main/agentsg/src/agentsg/cell/diagrams.py","233c165dd9284833ba41ced3b87f5ac7a651247b30af938a7a1e78689ce2ee04","CodeEvidence"
"evi:code:wyckoff_position:0","agentsg/wyckoff.py","","module","2","Wyckoff positions, site symmetry, and orbits -- all *computed* from the exact","https://github.com/phzwart/agentsg/blob/main/agentsg/src/agentsg/wyckoff.py","509f03408b4905eaf1b9799ecf76f0a72c24ab0ad01a162902a557d9e7128851","CodeEvidence"
"evi:code:wyckoff_position:1","agentsg/wyckoff.py","multiplicity","FunctionDef","66","Orbit multiplicity of x = |G| / |site-symmetry(x)|.","https://github.com/phzwart/agentsg/blob/main/agentsg/src/agentsg/wyckoff.py","509f03408b4905eaf1b9799ecf76f0a72c24ab0ad01a162902a557d9e7128851","CodeEvidence"
"evi:code:wyckoff_position:2","agentsg/wyckoff.py","site_symmetry_order","FunctionDef","55","Order of the site-symmetry group at x.","https://github.com/phzwart/agentsg/blob/main/agentsg/src/agentsg/wyckoff.py","509f03408b4905eaf1b9799ecf76f0a72c24ab0ad01a162902a557d9e7128851","CodeEvidence"
"evi:code:wyckoff_position:3","agentsg/wyckoff.py","fixed_locus","FunctionDef","84","All points in the unit cell fixed by ``op`` modulo the lattice.","https://github.com/phzwart/agentsg/blob/main/agentsg/src/agentsg/wyckoff.py","509f03408b4905eaf1b9799ecf76f0a72c24ab0ad01a162902a557d9e7128851","CodeEvidence"
"evi:code:site_symmetry:0","agentsg/wyckoff.py","site_symmetry_ops","FunctionDef","34","Operations (W,w) that fix x modulo an integer lattice translation.","https://github.com/phzwart/agentsg/blob/main/agentsg/src/agentsg/wyckoff.py","509f03408b4905eaf1b9799ecf76f0a72c24ab0ad01a162902a557d9e7128851","CodeEvidence"
"evi:code:site_symmetry:1","agentsg/wyckoff.py","site_symmetry_point_group","FunctionDef","50","Rotation parts of the site-symmetry group at x -- the site point group.","https://github.com/phzwart/agentsg/blob/main/agentsg/src/agentsg/wyckoff.py","509f03408b4905eaf1b9799ecf76f0a72c24ab0ad01a162902a557d9e7128851","CodeEvidence"
"evi:code:site_symmetry:2","agentsg/wyckoff.py","site_symmetry_order","FunctionDef","55","Order of the site-symmetry group at x.","https://github.com/phzwart/agentsg/blob/main/agentsg/src/agentsg/wyckoff.py","509f03408b4905eaf1b9799ecf76f0a72c24ab0ad01a162902a557d9e7128851","CodeEvidence"
"evi:code:crystallographic_orbit:0","agentsg/wyckoff.py","orbit","FunctionDef","60","Distinct images of x under the group, reduced into the unit cell.","https://github.com/phzwart/agentsg/blob/main/agentsg/src/agentsg/wyckoff.py","509f03408b4905eaf1b9799ecf76f0a72c24ab0ad01a162902a557d9e7128851","CodeEvidence"
"evi:code:crystallographic_orbit:1","agentsg/wyckoff.py","multiplicity","FunctionDef","66","Orbit multiplicity of x = |G| / |site-symmetry(x)|.","https://github.com/phzwart/agentsg/blob/main/agentsg/src/agentsg/wyckoff.py","509f03408b4905eaf1b9799ecf76f0a72c24ab0ad01a162902a557d9e7128851","CodeEvidence"
"evi:code:general_position:0","agentsg/wyckoff.py","general_position_multiplicity","FunctionDef","71","Multiplicity of a general position = order of the space group (in the","https://github.com/phzwart/agentsg/blob/main/agentsg/src/agentsg/wyckoff.py","509f03408b4905eaf1b9799ecf76f0a72c24ab0ad01a162902a557d9e7128851","CodeEvidence"
"evi:code:general_position:1","agentsg/cell/diagrams.py","best_general_point","FunctionDef","1208","A general position whose projected orbit stays readable.","https://github.com/phzwart/agentsg/blob/main/agentsg/src/agentsg/cell/diagrams.py","233c165dd9284833ba41ced3b87f5ac7a651247b30af938a7a1e78689ce2ee04","CodeEvidence"
"evi:code:general_position:2","agentsg/cell/diagrams.py","general_position_multiplicity","FunctionDef","3155","Number of distinct general-position points in one cell (== group order","https://github.com/phzwart/agentsg/blob/main/agentsg/src/agentsg/cell/diagrams.py","233c165dd9284833ba41ced3b87f5ac7a651247b30af938a7a1e78689ce2ee04","CodeEvidence"
"evi:code:general_position:3","agentsg/cell/diagrams.py","general_position_images","FunctionDef","528","Exact ITA description of every general-position image.","https://github.com/phzwart/agentsg/blob/main/agentsg/src/agentsg/cell/diagrams.py","233c165dd9284833ba41ced3b87f5ac7a651247b30af938a7a1e78689ce2ee04","CodeEvidence"
"evi:code:stabilizer:0","agentsg/wyckoff.py","","module","2","Wyckoff positions, site symmetry, and orbits -- all *computed* from the exact","https://github.com/phzwart/agentsg/blob/main/agentsg/src/agentsg/wyckoff.py","509f03408b4905eaf1b9799ecf76f0a72c24ab0ad01a162902a557d9e7128851","CodeEvidence"
"evi:code:stabilizer:1","agentsg/reflection_lattice.py","_stabiliser","FunctionDef","618","Subgroup of point-group matrices that fix every vector in the stratum.","https://github.com/phzwart/agentsg/blob/main/agentsg/src/agentsg/reflection_lattice.py","538655915e70d6509ce88d3e57feb8db3eb358261c18aa7366ac2a4c493ff50c","CodeEvidence"
"evi:code:stabilizer:2","agentsg/cell/diagrams.py","_stabilizer","FunctionDef","1468","Operations that fix ``centre`` (torus distance).","https://github.com/phzwart/agentsg/blob/main/agentsg/src/agentsg/cell/diagrams.py","233c165dd9284833ba41ced3b87f5ac7a651247b30af938a7a1e78689ce2ee04","CodeEvidence"
"evi:code:orbit:0","agentsg/reflections.py","_point_group_orbit","FunctionDef","81","Distinct Miller indices produced by acting on hkl with the point-group rotations.","https://github.com/phzwart/agentsg/blob/main/agentsg/src/agentsg/reflections.py","3963fd02b5b76c010549ec312de93021b308e2e3530fbbe960ef75a36851f3d1","CodeEvidence"
"evi:code:orbit:1","agentsg/reflections.py","equivalent_reflections","FunctionDef","417","Build the Friedel-unique orbit of ``hkl`` under the space group.","https://github.com/phzwart/agentsg/blob/main/agentsg/src/agentsg/reflections.py","3963fd02b5b76c010549ec312de93021b308e2e3530fbbe960ef75a36851f3d1","CodeEvidence"
"evi:code:orbit_stabilizer_theorem:0","agentsg/wyckoff.py","","module","2","Wyckoff positions, site symmetry, and orbits -- all *computed* from the exact","https://github.com/phzwart/agentsg/blob/main/agentsg/src/agentsg/wyckoff.py","509f03408b4905eaf1b9799ecf76f0a72c24ab0ad01a162902a557d9e7128851","CodeEvidence"
"evi:code:orbit_stabilizer_theorem:1","agentsg/reflections.py","reflection_multiplicity","FunctionDef","357","Geometric multiplicity: number of distinct symmetry-equivalent ``hkl``.","https://github.com/phzwart/agentsg/blob/main/agentsg/src/agentsg/reflections.py","3963fd02b5b76c010549ec312de93021b308e2e3530fbbe960ef75a36851f3d1","CodeEvidence"
"evi:code:group_action:0","agentsg/group.py","transform_hkl","FunctionDef","62","Miller indices as a row vector: h' = h @ W.","https://github.com/phzwart/agentsg/blob/main/agentsg/src/agentsg/group.py","f2f125e7e220680de009f7a20ccfe68a4d619069d10e73dabf8713795e4dd86d","CodeEvidence"
"evi:code:group_action:1","agentsg/reflection_lattice.py","","module","2","Reflection conditions as sublattices in projection.","https://github.com/phzwart/agentsg/blob/main/agentsg/src/agentsg/reflection_lattice.py","538655915e70d6509ce88d3e57feb8db3eb358261c18aa7366ac2a4c493ff50c","CodeEvidence"
"evi:code:miller_indices:0","agentsg/group.py","transform_hkl","FunctionDef","62","Miller indices as a row vector: h' = h @ W.","https://github.com/phzwart/agentsg/blob/main/agentsg/src/agentsg/group.py","f2f125e7e220680de009f7a20ccfe68a4d619069d10e73dabf8713795e4dd86d","CodeEvidence"
"evi:code:miller_indices:1","agentsg/serve/serialize.py","parse_hkl","FunctionDef","80","Parse a Miller index triple.","https://github.com/phzwart/agentsg/blob/main/agentsg/src/agentsg/serve/serialize.py","374f5de999b9d851ac68720369ed509ee5cdb6a9764ffef57a0476fd9fd125dd","CodeEvidence"
"evi:code:reciprocal_lattice:0","agentsg/cell/metric.py","UnitCell","ClassDef","110","A crystallographic unit cell defined by its six parameters.","https://github.com/phzwart/agentsg/blob/main/agentsg/src/agentsg/cell/metric.py","43c7edd2b2da3b6de2ef0722715b315b3cc42abbe156b500c44e9e69f9ba4254","CodeEvidence"
"evi:code:reciprocal_lattice:1","agentsg/reflection_lattice.py","","module","2","Reflection conditions as sublattices in projection.","https://github.com/phzwart/agentsg/blob/main/agentsg/src/agentsg/reflection_lattice.py","538655915e70d6509ce88d3e57feb8db3eb358261c18aa7366ac2a4c493ff50c","CodeEvidence"
"evi:code:structure_factor_phase:0","agentsg/group.py","phase_shift","FunctionDef","69","Phase shift h·w in turns (multiply by 360 for degrees), reduced to [0, 1).","https://github.com/phzwart/agentsg/blob/main/agentsg/src/agentsg/group.py","f2f125e7e220680de009f7a20ccfe68a4d619069d10e73dabf8713795e4dd86d","CodeEvidence"
"evi:code:structure_factor_phase:1","agentsg/group.py","phase_restriction","FunctionDef","116","Derive absence / centricity / restricted phase for ``hkl``.","https://github.com/phzwart/agentsg/blob/main/agentsg/src/agentsg/group.py","f2f125e7e220680de009f7a20ccfe68a4d619069d10e73dabf8713795e4dd86d","CodeEvidence"
"evi:code:structure_factor_phase:2","agentsg/change_of_basis.py","","module","2","Change-of-basis / reindexing operator (P, p).","https://github.com/phzwart/agentsg/blob/main/agentsg/src/agentsg/change_of_basis.py","be1c03a26c68feadc7c1a03c46e94aed81113893badec8f75574e95ad7601291","CodeEvidence"
"evi:code:structure_factor:0","agentsg/group.py","phase_shift","FunctionDef","69","Phase shift h·w in turns (multiply by 360 for degrees), reduced to [0, 1).","https://github.com/phzwart/agentsg/blob/main/agentsg/src/agentsg/group.py","f2f125e7e220680de009f7a20ccfe68a4d619069d10e73dabf8713795e4dd86d","CodeEvidence"
"evi:code:structure_factor:1","agentsg/semi_invariants.py","","module","2","Allowed origins and structure semi-invariants, as one lattice computation.","https://github.com/phzwart/agentsg/blob/main/agentsg/src/agentsg/semi_invariants.py","d935951a7a4d9a3de8362d924daea809c15b0495b0149a1079fc6daea6ddb18a","CodeEvidence"
"evi:code:systematic_absences:0","agentsg/group.py","is_systematically_absent","FunctionDef","74","A reflection h is absent iff some operation (W,w) fixes h in","https://github.com/phzwart/agentsg/blob/main/agentsg/src/agentsg/group.py","f2f125e7e220680de009f7a20ccfe68a4d619069d10e73dabf8713795e4dd86d","CodeEvidence"
"evi:code:systematic_absences:1","agentsg/reflections.py","","module","2","Reflection conditions (systematic absences) derived from the operation list.","https://github.com/phzwart/agentsg/blob/main/agentsg/src/agentsg/reflections.py","3963fd02b5b76c010549ec312de93021b308e2e3530fbbe960ef75a36851f3d1","CodeEvidence"
"evi:code:systematic_absences:2","agentsg/reflection_lattice.py","","module","2","Reflection conditions as sublattices in projection.","https://github.com/phzwart/agentsg/blob/main/agentsg/src/agentsg/reflection_lattice.py","538655915e70d6509ce88d3e57feb8db3eb358261c18aa7366ac2a4c493ff50c","CodeEvidence"
"evi:code:reflection_conditions:0","agentsg/reflection_lattice.py","reflection_conditions","FunctionDef","626","ITA-style general reflection conditions, derived as sublattices.","https://github.com/phzwart/agentsg/blob/main/agentsg/src/agentsg/reflection_lattice.py","538655915e70d6509ce88d3e57feb8db3eb358261c18aa7366ac2a4c493ff50c","CodeEvidence"
"evi:code:reflection_conditions:1","agentsg/reflections.py","reflection_conditions","FunctionDef","300","ITA-style general reflection conditions, derived as sublattices.","https://github.com/phzwart/agentsg/blob/main/agentsg/src/agentsg/reflections.py","3963fd02b5b76c010549ec312de93021b308e2e3530fbbe960ef75a36851f3d1","CodeEvidence"
"evi:code:reflection_conditions:2","agentsg/reflection_lattice.py","present_lattices","FunctionDef","671","Every stratum with its sublattice of present reflections -- the exact","https://github.com/phzwart/agentsg/blob/main/agentsg/src/agentsg/reflection_lattice.py","538655915e70d6509ce88d3e57feb8db3eb358261c18aa7366ac2a4c493ff50c","CodeEvidence"
"evi:code:reflection_conditions:3","agentsg/reflection_lattice.py","is_absent_by_lattice","FunctionDef","689","Absence of an integer ``hkl`` decided purely from the strata lattices:","https://github.com/phzwart/agentsg/blob/main/agentsg/src/agentsg/reflection_lattice.py","538655915e70d6509ce88d3e57feb8db3eb358261c18aa7366ac2a4c493ff50c","CodeEvidence"
"evi:code:reflection_conditions:4","agentsg/reflection_lattice.py","stratum_conditions","FunctionDef","429","Minimal congruences on the class coefficients for one stratum.","https://github.com/phzwart/agentsg/blob/main/agentsg/src/agentsg/reflection_lattice.py","538655915e70d6509ce88d3e57feb8db3eb358261c18aa7366ac2a4c493ff50c","CodeEvidence"
"evi:code:reflection_conditions:5","agentsg/reflection_lattice.py","format_conditions","FunctionDef","603","Format a list of ((c1, c2, ...), m) congruences as an ITA condition string.","https://github.com/phzwart/agentsg/blob/main/agentsg/src/agentsg/reflection_lattice.py","538655915e70d6509ce88d3e57feb8db3eb358261c18aa7366ac2a4c493ff50c","CodeEvidence"
"evi:code:integral_reflection_conditions:0","agentsg/reflections.py","","module","2","Reflection conditions (systematic absences) derived from the operation list.","https://github.com/phzwart/agentsg/blob/main/agentsg/src/agentsg/reflections.py","3963fd02b5b76c010549ec312de93021b308e2e3530fbbe960ef75a36851f3d1","CodeEvidence"
"evi:code:integral_reflection_conditions:1","agentsg/reflection_lattice.py","","module","2","Reflection conditions as sublattices in projection.","https://github.com/phzwart/agentsg/blob/main/agentsg/src/agentsg/reflection_lattice.py","538655915e70d6509ce88d3e57feb8db3eb358261c18aa7366ac2a4c493ff50c","CodeEvidence"
"evi:code:zonal_reflection_conditions:0","agentsg/reflections.py","","module","2","Reflection conditions (systematic absences) derived from the operation list.","https://github.com/phzwart/agentsg/blob/main/agentsg/src/agentsg/reflections.py","3963fd02b5b76c010549ec312de93021b308e2e3530fbbe960ef75a36851f3d1","CodeEvidence"
"evi:code:zonal_reflection_conditions:1","agentsg/reflection_lattice.py","","module","2","Reflection conditions as sublattices in projection.","https://github.com/phzwart/agentsg/blob/main/agentsg/src/agentsg/reflection_lattice.py","538655915e70d6509ce88d3e57feb8db3eb358261c18aa7366ac2a4c493ff50c","CodeEvidence"
"evi:code:serial_reflection_conditions:0","agentsg/reflections.py","","module","2","Reflection conditions (systematic absences) derived from the operation list.","https://github.com/phzwart/agentsg/blob/main/agentsg/src/agentsg/reflections.py","3963fd02b5b76c010549ec312de93021b308e2e3530fbbe960ef75a36851f3d1","CodeEvidence"
"evi:code:serial_reflection_conditions:1","agentsg/reflection_lattice.py","","module","2","Reflection conditions as sublattices in projection.","https://github.com/phzwart/agentsg/blob/main/agentsg/src/agentsg/reflection_lattice.py","538655915e70d6509ce88d3e57feb8db3eb358261c18aa7366ac2a4c493ff50c","CodeEvidence"
"evi:code:reflection_stratum:0","agentsg/reflection_lattice.py","","module","2","Reflection conditions as sublattices in projection.","https://github.com/phzwart/agentsg/blob/main/agentsg/src/agentsg/reflection_lattice.py","538655915e70d6509ce88d3e57feb8db3eb358261c18aa7366ac2a4c493ff50c","CodeEvidence"
"evi:code:reflection_stratum:1","agentsg/reflection_lattice.py","strata","FunctionDef","294","The reflection strata of a space group.","https://github.com/phzwart/agentsg/blob/main/agentsg/src/agentsg/reflection_lattice.py","538655915e70d6509ce88d3e57feb8db3eb358261c18aa7366ac2a4c493ff50c","CodeEvidence"
"evi:code:reflection_stratum:2","agentsg/reflection_lattice.py","class_name","FunctionDef","500","ITA-style class name from the saturated basis of the stratum.","https://github.com/phzwart/agentsg/blob/main/agentsg/src/agentsg/reflection_lattice.py","538655915e70d6509ce88d3e57feb8db3eb358261c18aa7366ac2a4c493ff50c","CodeEvidence"
"evi:code:reflection_stratum:3","agentsg/reflections.py","_generic_members","FunctionDef","95","Members whose point-group orbit avoids every proper subclass.","https://github.com/phzwart/agentsg/blob/main/agentsg/src/agentsg/reflections.py","3963fd02b5b76c010549ec312de93021b308e2e3530fbbe960ef75a36851f3d1","CodeEvidence"
"evi:code:reflection_stratum:4","agentsg/reflections.py","_constraints_from_ops","FunctionDef","180","Modular constraints h·w ∈ ℤ from operators that fix every generic hkl.","https://github.com/phzwart/agentsg/blob/main/agentsg/src/agentsg/reflections.py","3963fd02b5b76c010549ec312de93021b308e2e3530fbbe960ef75a36851f3d1","CodeEvidence"
"evi:code:reflection_stratum:5","agentsg/reflection_lattice.py","_std_classes","FunctionDef","569","The class bases ITA tabulates for a lattice family (in the standard","https://github.com/phzwart/agentsg/blob/main/agentsg/src/agentsg/reflection_lattice.py","538655915e70d6509ce88d3e57feb8db3eb358261c18aa7366ac2a4c493ff50c","CodeEvidence"
"evi:code:reflection_stratum:6","agentsg/reflection_lattice.py","_transform_basis","FunctionDef","288","Image of the lattice under ``h -> h W``.","https://github.com/phzwart/agentsg/blob/main/agentsg/src/agentsg/reflection_lattice.py","538655915e70d6509ce88d3e57feb8db3eb358261c18aa7366ac2a4c493ff50c","CodeEvidence"
"evi:code:augmented_translation_lattice:0","agentsg/reflection_lattice.py","","module","2","Reflection conditions as sublattices in projection.","https://github.com/phzwart/agentsg/blob/main/agentsg/src/agentsg/reflection_lattice.py","538655915e70d6509ce88d3e57feb8db3eb358261c18aa7366ac2a4c493ff50c","CodeEvidence"
"evi:code:augmented_translation_lattice:1","agentsg/reflection_lattice.py","stratum_lattice","FunctionDef","418","The sublattice of present reflections on one stratum, from one Smith","https://github.com/phzwart/agentsg/blob/main/agentsg/src/agentsg/reflection_lattice.py","538655915e70d6509ce88d3e57feb8db3eb358261c18aa7366ac2a4c493ff50c","CodeEvidence"
"evi:code:augmented_translation_lattice:2","agentsg/semi_invariants.py","","module","2","Allowed origins and structure semi-invariants, as one lattice computation.","https://github.com/phzwart/agentsg/blob/main/agentsg/src/agentsg/semi_invariants.py","d935951a7a4d9a3de8362d924daea809c15b0495b0149a1079fc6daea6ddb18a","CodeEvidence"
"evi:code:centric_reflection:0","agentsg/group.py","is_reflection_centric","FunctionDef","90","True if some operation maps h → −h (phase-restricted / 'centric' reflection).","https://github.com/phzwart/agentsg/blob/main/agentsg/src/agentsg/group.py","f2f125e7e220680de009f7a20ccfe68a4d619069d10e73dabf8713795e4dd86d","CodeEvidence"
"evi:code:centric_reflection:1","agentsg/group.py","PhaseRestriction","ClassDef","102","Phase restriction for one reflection (SgInfo / gemmi semantics).","https://github.com/phzwart/agentsg/blob/main/agentsg/src/agentsg/group.py","f2f125e7e220680de009f7a20ccfe68a4d619069d10e73dabf8713795e4dd86d","CodeEvidence"
"evi:code:friedel_law:0","agentsg/cell/ambiguity.py","","module","2","Indexing-ambiguity (reindexing) operators for serial crystallography.","https://github.com/phzwart/agentsg/blob/main/agentsg/src/agentsg/cell/ambiguity.py","58f030d95e24dc20563eef1f52ea4290f369b45b1c0ed093f510b7813e4acf35","CodeEvidence"
"evi:code:friedel_law:1","agentsg/reflections.py","equivalent_reflections","FunctionDef","417","Build the Friedel-unique orbit of ``hkl`` under the space group.","https://github.com/phzwart/agentsg/blob/main/agentsg/src/agentsg/reflections.py","3963fd02b5b76c010549ec312de93021b308e2e3530fbbe960ef75a36851f3d1","CodeEvidence"
"evi:code:equivalent_reflections:0","agentsg/reflections.py","equivalent_reflections","FunctionDef","417","Build the Friedel-unique orbit of ``hkl`` under the space group.","https://github.com/phzwart/agentsg/blob/main/agentsg/src/agentsg/reflections.py","3963fd02b5b76c010549ec312de93021b308e2e3530fbbe960ef75a36851f3d1","CodeEvidence"
"evi:code:equivalent_reflections:1","agentsg/reflections.py","EquivalentHKL","ClassDef","392","Symmetry-equivalent Miller indices for one reflection.","https://github.com/phzwart/agentsg/blob/main/agentsg/src/agentsg/reflections.py","3963fd02b5b76c010549ec312de93021b308e2e3530fbbe960ef75a36851f3d1","CodeEvidence"
"evi:code:equivalent_reflections:2","agentsg/reflections.py","are_equivalent_reflections","FunctionDef","471","True if ``h2`` is in the symmetry orbit of ``h1`` (including Friedel).","https://github.com/phzwart/agentsg/blob/main/agentsg/src/agentsg/reflections.py","3963fd02b5b76c010549ec312de93021b308e2e3530fbbe960ef75a36851f3d1","CodeEvidence"
"evi:code:epsilon_factor:0","agentsg/reflections.py","epsilon_factor","FunctionDef","348","Number of symmetry operations that leave ``hkl`` invariant (hW = h).","https://github.com/phzwart/agentsg/blob/main/agentsg/src/agentsg/reflections.py","3963fd02b5b76c010549ec312de93021b308e2e3530fbbe960ef75a36851f3d1","CodeEvidence"
"evi:code:epsilon_factor:1","agentsg/reflections.py","reflection_multiplicity","FunctionDef","357","Geometric multiplicity: number of distinct symmetry-equivalent ``hkl``.","https://github.com/phzwart/agentsg/blob/main/agentsg/src/agentsg/reflections.py","3963fd02b5b76c010549ec312de93021b308e2e3530fbbe960ef75a36851f3d1","CodeEvidence"
"evi:code:reciprocal_asu:0","agentsg/asu.py","ReciprocalAsu","ClassDef","81","CCP4 / cctbx / gemmi reciprocal-space asymmetric unit.","https://github.com/phzwart/agentsg/blob/main/agentsg/src/agentsg/asu.py","a6c388acb4030942f52c58ae22d83b2b5028be810444e08e404cd95a397f08ae","CodeEvidence"
"evi:code:reciprocal_asu:1","agentsg/cell/ambiguity.py","_map_to_asu","FunctionDef","379","Canonical ASU representative of a reflection under the Laue group.","https://github.com/phzwart/agentsg/blob/main/agentsg/src/agentsg/cell/ambiguity.py","58f030d95e24dc20563eef1f52ea4290f369b45b1c0ed093f510b7813e4acf35","CodeEvidence"
"evi:code:reciprocal_asu:2","agentsg/cell/ambiguity.py","_map_to_asu_lexmax","FunctionDef","366","Lexicographically-maximum Laue image (legacy merging key).","https://github.com/phzwart/agentsg/blob/main/agentsg/src/agentsg/cell/ambiguity.py","58f030d95e24dc20563eef1f52ea4290f369b45b1c0ed093f510b7813e4acf35","CodeEvidence"
"evi:code:reciprocal_asu:3","agentsg/cell/ambiguity.py","_merge_to_asu","FunctionDef","415","Fold a {(h,k,l): I} mapping onto ASU keys, averaging duplicates.","https://github.com/phzwart/agentsg/blob/main/agentsg/src/agentsg/cell/ambiguity.py","58f030d95e24dc20563eef1f52ea4290f369b45b1c0ed093f510b7813e4acf35","CodeEvidence"
"evi:code:allowed_origins:0","agentsg/semi_invariants.py","","module","2","Allowed origins and structure semi-invariants, as one lattice computation.","https://github.com/phzwart/agentsg/blob/main/agentsg/src/agentsg/semi_invariants.py","d935951a7a4d9a3de8362d924daea809c15b0495b0149a1079fc6daea6ddb18a","CodeEvidence"
"evi:code:allowed_origins:1","agentsg/semi_invariants.py","OriginLattice","ClassDef","71","Allowed-origin group ``T'`` of a space group, from one Smith normal form.","https://github.com/phzwart/agentsg/blob/main/agentsg/src/agentsg/semi_invariants.py","d935951a7a4d9a3de8362d924daea809c15b0495b0149a1079fc6daea6ddb18a","CodeEvidence"
"evi:code:allowed_origins:2","agentsg/semi_invariants.py","discrete_allowed_origins","FunctionDef","277","The distinct alternative origins ``T'/(L + V_float)``.","https://github.com/phzwart/agentsg/blob/main/agentsg/src/agentsg/semi_invariants.py","d935951a7a4d9a3de8362d924daea809c15b0495b0149a1079fc6daea6ddb18a","CodeEvidence"
"evi:code:allowed_origins:3","agentsg/semi_invariants.py","is_allowed_origin","FunctionDef","272","True if conjugating the group by origin ``o`` leaves the operator set unchanged.","https://github.com/phzwart/agentsg/blob/main/agentsg/src/agentsg/semi_invariants.py","d935951a7a4d9a3de8362d924daea809c15b0495b0149a1079fc6daea6ddb18a","CodeEvidence"
"evi:code:allowed_origins:4","agentsg/semi_invariants.py","n_alternative_origins","FunctionDef","290","Number of discrete alternative origins (∏ of the invariant factors).","https://github.com/phzwart/agentsg/blob/main/agentsg/src/agentsg/semi_invariants.py","d935951a7a4d9a3de8362d924daea809c15b0495b0149a1079fc6daea6ddb18a","CodeEvidence"
"evi:code:allowed_origins:5","agentsg/semi_invariants.py","origin_lattice","FunctionDef","172","Compute the allowed-origin group ``T'`` of ``operations`` (see module doc).","https://github.com/phzwart/agentsg/blob/main/agentsg/src/agentsg/semi_invariants.py","d935951a7a4d9a3de8362d924daea809c15b0495b0149a1079fc6daea6ddb18a","CodeEvidence"
"evi:code:allowed_origins:6","agentsg/semi_invariants.py","_nicest_generator","FunctionDef","227","Among the generators ``k g`` (gcd(k, order) = 1) of one cyclic factor and","https://github.com/phzwart/agentsg/blob/main/agentsg/src/agentsg/semi_invariants.py","d935951a7a4d9a3de8362d924daea809c15b0495b0149a1079fc6daea6ddb18a","CodeEvidence"
"evi:code:floating_origin:0","agentsg/semi_invariants.py","floating_origin_basis","FunctionDef","258","Integer basis of the continuous (floating) origin freedom.","https://github.com/phzwart/agentsg/blob/main/agentsg/src/agentsg/semi_invariants.py","d935951a7a4d9a3de8362d924daea809c15b0495b0149a1079fc6daea6ddb18a","CodeEvidence"
"evi:code:floating_origin:1","agentsg/semi_invariants.py","pin_floating_origin","FunctionDef","267","Canonical gauge: remove the floating-origin components of ``p`` exactly.","https://github.com/phzwart/agentsg/blob/main/agentsg/src/agentsg/semi_invariants.py","d935951a7a4d9a3de8362d924daea809c15b0495b0149a1079fc6daea6ddb18a","CodeEvidence"
"evi:code:euclidean_normalizer:0","agentsg/semi_invariants.py","","module","2","Allowed origins and structure semi-invariants, as one lattice computation.","https://github.com/phzwart/agentsg/blob/main/agentsg/src/agentsg/semi_invariants.py","d935951a7a4d9a3de8362d924daea809c15b0495b0149a1079fc6daea6ddb18a","CodeEvidence"
"evi:code:normalizer:0","agentsg/semi_invariants.py","","module","2","Allowed origins and structure semi-invariants, as one lattice computation.","https://github.com/phzwart/agentsg/blob/main/agentsg/src/agentsg/semi_invariants.py","d935951a7a4d9a3de8362d924daea809c15b0495b0149a1079fc6daea6ddb18a","CodeEvidence"
"evi:code:structure_seminvariant:0","agentsg/semi_invariants.py","semi_invariants","FunctionDef","331","Structure semi-invariant congruences, derived from the origin lattice.","https://github.com/phzwart/agentsg/blob/main/agentsg/src/agentsg/semi_invariants.py","d935951a7a4d9a3de8362d924daea809c15b0495b0149a1079fc6daea6ddb18a","CodeEvidence"
"evi:code:structure_seminvariant:1","agentsg/semi_invariants.py","SemiInvariant","ClassDef","296","One structure-semi-invariant congruence ``vector · h ≡ 0 (mod modulus)``.","https://github.com/phzwart/agentsg/blob/main/agentsg/src/agentsg/semi_invariants.py","d935951a7a4d9a3de8362d924daea809c15b0495b0149a1079fc6daea6ddb18a","CodeEvidence"
"evi:code:structure_seminvariant:2","agentsg/semi_invariants.py","is_semi_invariant","FunctionDef","345","True if ``hkl`` is a structure semi-invariant: ``h · t ∈ Z`` for all ``t ∈ T'``.","https://github.com/phzwart/agentsg/blob/main/agentsg/src/agentsg/semi_invariants.py","d935951a7a4d9a3de8362d924daea809c15b0495b0149a1079fc6daea6ddb18a","CodeEvidence"
"evi:code:structure_seminvariant:3","agentsg/semi_invariants.py","_congruence","FunctionDef","314","``h · o ∈ Z``  as  ``(D o) · h ≡ 0 (mod D)`` with entries in (−D/2, D/2].","https://github.com/phzwart/agentsg/blob/main/agentsg/src/agentsg/semi_invariants.py","d935951a7a4d9a3de8362d924daea809c15b0495b0149a1079fc6daea6ddb18a","CodeEvidence"
"evi:code:direct_methods:0","agentsg/semi_invariants.py","","module","2","Allowed origins and structure semi-invariants, as one lattice computation.","https://github.com/phzwart/agentsg/blob/main/agentsg/src/agentsg/semi_invariants.py","d935951a7a4d9a3de8362d924daea809c15b0495b0149a1079fc6daea6ddb18a","CodeEvidence"
"evi:code:patterson_function:0","agentsg/harker.py","","module","2","Harker sections / lines from space-group operators (exact rational algebra).","https://github.com/phzwart/agentsg/blob/main/agentsg/src/agentsg/harker.py","aa48c5174e652adb887df077f459174a1b429b05deb599076f83ebe2bda40d81","CodeEvidence"
"evi:code:patterson_function:1","agentsg/harker.py","harker_vector","FunctionDef","134","Self-Patterson vector ``u = x − op(x)`` for site ``x``.","https://github.com/phzwart/agentsg/blob/main/agentsg/src/agentsg/harker.py","aa48c5174e652adb887df077f459174a1b429b05deb599076f83ebe2bda40d81","CodeEvidence"
"evi:code:harker_section:0","agentsg/harker.py","","module","2","Harker sections / lines from space-group operators (exact rational algebra).","https://github.com/phzwart/agentsg/blob/main/agentsg/src/agentsg/harker.py","aa48c5174e652adb887df077f459174a1b429b05deb599076f83ebe2bda40d81","CodeEvidence"
"evi:code:harker_section:1","agentsg/harker.py","harker_sections","FunctionDef","181","Derive distinct Harker loci from a closed (or generating) op list.","https://github.com/phzwart/agentsg/blob/main/agentsg/src/agentsg/harker.py","aa48c5174e652adb887df077f459174a1b429b05deb599076f83ebe2bda40d81","CodeEvidence"
"evi:code:harker_section:2","agentsg/harker.py","site_from_harker","FunctionDef","143","Solve ``(I−W) x = u + w`` for a site giving Harker vector ``u``.","https://github.com/phzwart/agentsg/blob/main/agentsg/src/agentsg/harker.py","aa48c5174e652adb887df077f459174a1b429b05deb599076f83ebe2bda40d81","CodeEvidence"
"evi:code:harker_section:3","agentsg/harker.py","HarkerLocus","ClassDef","106","A distinct Harker plane / line / point (deduped across operators).","https://github.com/phzwart/agentsg/blob/main/agentsg/src/agentsg/harker.py","aa48c5174e652adb887df077f459174a1b429b05deb599076f83ebe2bda40d81","CodeEvidence"
"evi:code:harker_section:4","agentsg/harker.py","HarkerConstraint","ClassDef","71","Linear constraint ``n · u ≡ c (mod 1)`` on Patterson coordinates.","https://github.com/phzwart/agentsg/blob/main/agentsg/src/agentsg/harker.py","aa48c5174e652adb887df077f459174a1b429b05deb599076f83ebe2bda40d81","CodeEvidence"
"evi:code:harker_section:5","agentsg/harker.py","_normalize_constraint","FunctionDef","38","Primitive integer direction + constant in [0, 1). Flip sign for canonical.","https://github.com/phzwart/agentsg/blob/main/agentsg/src/agentsg/harker.py","aa48c5174e652adb887df077f459174a1b429b05deb599076f83ebe2bda40d81","CodeEvidence"
"evi:code:asymmetric_unit:0","agentsg/asu.py","","module","2","Asymmetric units in real and reciprocal space.","https://github.com/phzwart/agentsg/blob/main/agentsg/src/agentsg/asu.py","a6c388acb4030942f52c58ae22d83b2b5028be810444e08e404cd95a397f08ae","CodeEvidence"
"evi:code:asymmetric_unit:1","agentsg/asu.py","DirectAsuBrick","ClassDef","163","Conventional axis-aligned real-space ASU brick (CCP4 / gemmi).","https://github.com/phzwart/agentsg/blob/main/agentsg/src/agentsg/asu.py","a6c388acb4030942f52c58ae22d83b2b5028be810444e08e404cd95a397f08ae","CodeEvidence"
"evi:code:dirichlet_domain:0","agentsg/asu.py","DirichletAsu","ClassDef","226","Dirichlet / Voronoi ASU: points closer to ``origin_frac`` than any orbit mate.","https://github.com/phzwart/agentsg/blob/main/agentsg/src/agentsg/asu.py","a6c388acb4030942f52c58ae22d83b2b5028be810444e08e404cd95a397f08ae","CodeEvidence"
"evi:code:dirichlet_domain:1","agentsg/asu.py","build_dirichlet_asu","FunctionDef","476","Build a Dirichlet ASU from symmetry images of ``origin_frac``.","https://github.com/phzwart/agentsg/blob/main/agentsg/src/agentsg/asu.py","a6c388acb4030942f52c58ae22d83b2b5028be810444e08e404cd95a397f08ae","CodeEvidence"
"evi:code:dirichlet_domain:2","agentsg/asu.py","optimize_asu","FunctionDef","580","Search allowed origin gauges for the most spherical Dirichlet ASU.","https://github.com/phzwart/agentsg/blob/main/agentsg/src/agentsg/asu.py","a6c388acb4030942f52c58ae22d83b2b5028be810444e08e404cd95a397f08ae","CodeEvidence"
"evi:code:voronoi_cell:0","agentsg/asu.py","DirichletAsu","ClassDef","226","Dirichlet / Voronoi ASU: points closer to ``origin_frac`` than any orbit mate.","https://github.com/phzwart/agentsg/blob/main/agentsg/src/agentsg/asu.py","a6c388acb4030942f52c58ae22d83b2b5028be810444e08e404cd95a397f08ae","CodeEvidence"
"evi:code:half_space:0","agentsg/asu.py","HalfSpace","ClassDef","207","Cartesian half-space ``n · x <= c`` (outward normal ``n``).","https://github.com/phzwart/agentsg/blob/main/agentsg/src/agentsg/asu.py","a6c388acb4030942f52c58ae22d83b2b5028be810444e08e404cd95a397f08ae","CodeEvidence"
"evi:code:monte_carlo:0","agentsg/asu.py","DirichletAsu","ClassDef","226","Dirichlet / Voronoi ASU: points closer to ``origin_frac`` than any orbit mate.","https://github.com/phzwart/agentsg/blob/main/agentsg/src/agentsg/asu.py","a6c388acb4030942f52c58ae22d83b2b5028be810444e08e404cd95a397f08ae","CodeEvidence"
"evi:code:inertia_tensor:0","agentsg/asu.py","DirichletAsu","ClassDef","226","Dirichlet / Voronoi ASU: points closer to ``origin_frac`` than any orbit mate.","https://github.com/phzwart/agentsg/blob/main/agentsg/src/agentsg/asu.py","a6c388acb4030942f52c58ae22d83b2b5028be810444e08e404cd95a397f08ae","CodeEvidence"
"evi:code:inertia_tensor:1","agentsg/asu.py","_eigh3_sorted","FunctionDef","418","Eigenvalues of a symmetric 3×3, ascending.","https://github.com/phzwart/agentsg/blob/main/agentsg/src/agentsg/asu.py","a6c388acb4030942f52c58ae22d83b2b5028be810444e08e404cd95a397f08ae","CodeEvidence"
"evi:code:isoperimetric_quotient:0","agentsg/asu.py","DirichletAsu","ClassDef","226","Dirichlet / Voronoi ASU: points closer to ``origin_frac`` than any orbit mate.","https://github.com/phzwart/agentsg/blob/main/agentsg/src/agentsg/asu.py","a6c388acb4030942f52c58ae22d83b2b5028be810444e08e404cd95a397f08ae","CodeEvidence"
"evi:code:subgroup:0","agentsg/subgroups.py","","module","1","Translationengleiche (t) and klassengleiche (k) subgroups, derived from ops.","https://github.com/phzwart/agentsg/blob/main/agentsg/src/agentsg/subgroups.py","29ba27f72e7cbb65bff2a471d1f2b3cbcf970715fa154f7c74cce9ec15b52899","CodeEvidence"
"evi:code:subgroup:1","agentsg/subgroups.py","point_group_subgroups","FunctionDef","140","Subgroups of a crystallographic point group.","https://github.com/phzwart/agentsg/blob/main/agentsg/src/agentsg/subgroups.py","29ba27f72e7cbb65bff2a471d1f2b3cbcf970715fa154f7c74cce9ec15b52899","CodeEvidence"
"evi:code:subgroup:2","agentsg/subgroups.py","subgroup_graph","FunctionDef","551","JSON-ready graph: parent node plus derived t/k child edges.","https://github.com/phzwart/agentsg/blob/main/agentsg/src/agentsg/subgroups.py","29ba27f72e7cbb65bff2a471d1f2b3cbcf970715fa154f7c74cce9ec15b52899","CodeEvidence"
"evi:code:subgroup:3","agentsg/subgroups.py","SubgroupEdge","ClassDef","44","One derived group → subgroup relation.","https://github.com/phzwart/agentsg/blob/main/agentsg/src/agentsg/subgroups.py","29ba27f72e7cbb65bff2a471d1f2b3cbcf970715fa154f7c74cce9ec15b52899","CodeEvidence"
"evi:code:t_subgroup:0","agentsg/subgroups.py","","module","1","Translationengleiche (t) and klassengleiche (k) subgroups, derived from ops.","https://github.com/phzwart/agentsg/blob/main/agentsg/src/agentsg/subgroups.py","29ba27f72e7cbb65bff2a471d1f2b3cbcf970715fa154f7c74cce9ec15b52899","CodeEvidence"
"evi:code:t_subgroup:1","agentsg/subgroups.py","subgroup_edges","FunctionDef","538","Derived maximal t and/or k subgroup edges of ``sg``.","https://github.com/phzwart/agentsg/blob/main/agentsg/src/agentsg/subgroups.py","29ba27f72e7cbb65bff2a471d1f2b3cbcf970715fa154f7c74cce9ec15b52899","CodeEvidence"
"evi:code:k_subgroup:0","agentsg/subgroups.py","","module","1","Translationengleiche (t) and klassengleiche (k) subgroups, derived from ops.","https://github.com/phzwart/agentsg/blob/main/agentsg/src/agentsg/subgroups.py","29ba27f72e7cbb65bff2a471d1f2b3cbcf970715fa154f7c74cce9ec15b52899","CodeEvidence"
"evi:code:k_subgroup:1","agentsg/subgroups.py","_k_iib_edges","FunctionDef","470","Primitive-cell IIb: invariant index-2 and index-3 sublattices of Z³.","https://github.com/phzwart/agentsg/blob/main/agentsg/src/agentsg/subgroups.py","29ba27f72e7cbb65bff2a471d1f2b3cbcf970715fa154f7c74cce9ec15b52899","CodeEvidence"
"evi:code:k_subgroup:2","agentsg/subgroups.py","_kernel_basis","FunctionDef","391","Columns of a Z-basis of {x ∈ Z³ : n·x ≡ 0 (mod p)}; det ±p.","https://github.com/phzwart/agentsg/blob/main/agentsg/src/agentsg/subgroups.py","29ba27f72e7cbb65bff2a471d1f2b3cbcf970715fa154f7c74cce9ec15b52899","CodeEvidence"
"evi:code:k_subgroup:3","agentsg/subgroups.py","_closed_primitive_sections","FunctionDef","314","Primitive (one op per W) closed sections of a centred copy of G.","https://github.com/phzwart/agentsg/blob/main/agentsg/src/agentsg/subgroups.py","29ba27f72e7cbb65bff2a471d1f2b3cbcf970715fa154f7c74cce9ec15b52899","CodeEvidence"
"evi:code:index_of_subgroup:0","agentsg/subgroups.py","_index2_subgroups","FunctionDef","109","Index-2 subgroups = kernels of nontrivial homomorphisms G → C2.","https://github.com/phzwart/agentsg/blob/main/agentsg/src/agentsg/subgroups.py","29ba27f72e7cbb65bff2a471d1f2b3cbcf970715fa154f7c74cce9ec15b52899","CodeEvidence"
"evi:code:index_of_subgroup:1","agentsg/subgroups.py","_f2_nullspace","FunctionDef","74","Basis of the nullspace of a matrix over F2 (row lists of 0/1).","https://github.com/phzwart/agentsg/blob/main/agentsg/src/agentsg/subgroups.py","29ba27f72e7cbb65bff2a471d1f2b3cbcf970715fa154f7c74cce9ec15b52899","CodeEvidence"
"evi:code:index_of_subgroup:2","agentsg/cell/ambiguity.py","_coset_reps","FunctionDef","80","Left-coset representatives of subgroup L in group H (identity coset first).","https://github.com/phzwart/agentsg/blob/main/agentsg/src/agentsg/cell/ambiguity.py","58f030d95e24dc20563eef1f52ea4290f369b45b1c0ed093f510b7813e4acf35","CodeEvidence"
"evi:code:coset:0","agentsg/cell/ambiguity.py","","module","2","Indexing-ambiguity (reindexing) operators for serial crystallography.","https://github.com/phzwart/agentsg/blob/main/agentsg/src/agentsg/cell/ambiguity.py","58f030d95e24dc20563eef1f52ea4290f369b45b1c0ed093f510b7813e4acf35","CodeEvidence"
"evi:code:coset:1","agentsg/cell/ambiguity.py","_coset_reps","FunctionDef","80","Left-coset representatives of subgroup L in group H (identity coset first).","https://github.com/phzwart/agentsg/blob/main/agentsg/src/agentsg/cell/ambiguity.py","58f030d95e24dc20563eef1f52ea4290f369b45b1c0ed093f510b7813e4acf35","CodeEvidence"
"evi:code:coset:2","agentsg/cell/reindex.py","","module","2","Reindexing between two settings of the same lattice, and twin-law cosets.","https://github.com/phzwart/agentsg/blob/main/agentsg/src/agentsg/cell/reindex.py","dfef1d20e2d696fd18c89be034e0984e3da678255af12134d70651d64c612d70","CodeEvidence"
"evi:code:coset:3","agentsg/subgroups.py","_index2_subgroups","FunctionDef","109","Index-2 subgroups = kernels of nontrivial homomorphisms G → C2.","https://github.com/phzwart/agentsg/blob/main/agentsg/src/agentsg/subgroups.py","29ba27f72e7cbb65bff2a471d1f2b3cbcf970715fa154f7c74cce9ec15b52899","CodeEvidence"
"evi:code:finite_field_gf2:0","agentsg/subgroups.py","_f2_nullspace","FunctionDef","74","Basis of the nullspace of a matrix over F2 (row lists of 0/1).","https://github.com/phzwart/agentsg/blob/main/agentsg/src/agentsg/subgroups.py","29ba27f72e7cbb65bff2a471d1f2b3cbcf970715fa154f7c74cce9ec15b52899","CodeEvidence"
"evi:code:group_homomorphism:0","agentsg/subgroups.py","_index2_subgroups","FunctionDef","109","Index-2 subgroups = kernels of nontrivial homomorphisms G → C2.","https://github.com/phzwart/agentsg/blob/main/agentsg/src/agentsg/subgroups.py","29ba27f72e7cbb65bff2a471d1f2b3cbcf970715fa154f7c74cce9ec15b52899","CodeEvidence"
"evi:code:group_theory:0","agentsg/__init__.py","","module","2","agentsg: exact-rational space-group algebra for all 230 groups.","https://github.com/phzwart/agentsg/blob/main/agentsg/src/agentsg/__init__.py","7a82b703f26aa7e0a1545931ed8fa9676735460f4257b79da17e812bcf9e8f7b","CodeEvidence"
"evi:code:group_theory:1","agentsg/group.py","","module","2","Build a full space-group operation list from a small generator set, by","https://github.com/phzwart/agentsg/blob/main/agentsg/src/agentsg/group.py","f2f125e7e220680de009f7a20ccfe68a4d619069d10e73dabf8713795e4dd86d","CodeEvidence"
"evi:code:permutation_group_s4:0","agentsg/cell/selling_group.py","","module","1","The Selling reduction group as a set of change-of-basis operators.","https://github.com/phzwart/agentsg/blob/main/agentsg/src/agentsg/cell/selling_group.py","68d7e948d1cbc66385b15cc46fa7288e59f21bf42e75146c1121d5e69f3a98b8","CodeEvidence"
"evi:code:permutation_group_s4:1","agentsg/cell/selling_group.py","selling_group","FunctionDef","153","The full Selling reduction group: all 48 change-of-basis operators","https://github.com/phzwart/agentsg/blob/main/agentsg/src/agentsg/cell/selling_group.py","68d7e948d1cbc66385b15cc46fa7288e59f21bf42e75146c1121d5e69f3a98b8","CodeEvidence"
"evi:code:permutation_group_s4:2","agentsg/cell/selling_group.py","permutation_cob","FunctionDef","80","The :class:`ChangeOfBasis` for one permutation ``sigma`` of the four","https://github.com/phzwart/agentsg/blob/main/agentsg/src/agentsg/cell/selling_group.py","68d7e948d1cbc66385b15cc46fa7288e59f21bf42e75146c1121d5e69f3a98b8","CodeEvidence"
"evi:code:permutation_group_s4:3","agentsg/cell/selling_group.py","selling_generators","FunctionDef","95","Generators of the *full* Selling reduction group (order 48): the","https://github.com/phzwart/agentsg/blob/main/agentsg/src/agentsg/cell/selling_group.py","68d7e948d1cbc66385b15cc46fa7288e59f21bf42e75146c1121d5e69f3a98b8","CodeEvidence"
"evi:code:permutation_group_s4:4","agentsg/cell/selling_group.py","selling_generators_S4","FunctionDef","102","Generators of the order-24 permutation subgroup only (no inversion): the","https://github.com/phzwart/agentsg/blob/main/agentsg/src/agentsg/cell/selling_group.py","68d7e948d1cbc66385b15cc46fa7288e59f21bf42e75146c1121d5e69f3a98b8","CodeEvidence"
"evi:code:permutation_group_s4:5","agentsg/cell/selling_group.py","selling_group_S4","FunctionDef","138","The order-24 permutation subgroup: the 24 superbase relabellings as","https://github.com/phzwart/agentsg/blob/main/agentsg/src/agentsg/cell/selling_group.py","68d7e948d1cbc66385b15cc46fa7288e59f21bf42e75146c1121d5e69f3a98b8","CodeEvidence"
"evi:code:permutation_group_s4:6","agentsg/cell/selling_group.py","_perm_matrix","FunctionDef","69","Change-of-basis matrix for a permutation ``sigma`` of the four superbase","https://github.com/phzwart/agentsg/blob/main/agentsg/src/agentsg/cell/selling_group.py","68d7e948d1cbc66385b15cc46fa7288e59f21bf42e75146c1121d5e69f3a98b8","CodeEvidence"
"evi:code:unit_cell:0","agentsg/cell/metric.py","","module","2","Unit-cell metric math (phase 2) -- real-valued, floating point.","https://github.com/phzwart/agentsg/blob/main/agentsg/src/agentsg/cell/metric.py","43c7edd2b2da3b6de2ef0722715b315b3cc42abbe156b500c44e9e69f9ba4254","CodeEvidence"
"evi:code:unit_cell:1","agentsg/cell/metric.py","UnitCell","ClassDef","110","A crystallographic unit cell defined by its six parameters.","https://github.com/phzwart/agentsg/blob/main/agentsg/src/agentsg/cell/metric.py","43c7edd2b2da3b6de2ef0722715b315b3cc42abbe156b500c44e9e69f9ba4254","CodeEvidence"
"evi:code:metric_tensor:0","agentsg/cell/metric.py","metric_tensor","FunctionDef","62","Build the direct-space metric tensor G from cell parameters.","https://github.com/phzwart/agentsg/blob/main/agentsg/src/agentsg/cell/metric.py","43c7edd2b2da3b6de2ef0722715b315b3cc42abbe156b500c44e9e69f9ba4254","CodeEvidence"
"evi:code:metric_tensor:1","agentsg/cell/reduction.py","_gram_from_params","FunctionDef","68","Construct 3x3 Gram matrix from unit-cell parameters.","https://github.com/phzwart/agentsg/blob/main/agentsg/src/agentsg/cell/reduction.py","d42440bde28637c6c18b82fa357fd97716b29568b69d17390d5a9085ee805be7","CodeEvidence"
"evi:code:metric_tensor:2","agentsg/cell/constraints.py","","module","2","The ONE sanctioned crossing of the exact/numeric boundary (see docs/DESIGN.md).","https://github.com/phzwart/agentsg/blob/main/agentsg/src/agentsg/cell/constraints.py","42f8e158b940fa388f9b813f7d9c2332e6a8cd9d687381f1cff5cb5bca8c787f","CodeEvidence"
"evi:code:metric_tensor:3","agentsg/cell/reduction.py","_transform_metric","FunctionDef","59","G' = M^T G M for 3x3 lists.","https://github.com/phzwart/agentsg/blob/main/agentsg/src/agentsg/cell/reduction.py","d42440bde28637c6c18b82fa357fd97716b29568b69d17390d5a9085ee805be7","CodeEvidence"
"evi:code:metric_tensor:4","agentsg/cell/g6.py","_transform_metric","FunctionDef","109","M^T G M for integer matrix M (columns = new basis).","https://github.com/phzwart/agentsg/blob/main/agentsg/src/agentsg/cell/g6.py","48b8df3ea479da734f3862cd4193794f2a5bf0bec51e8c7a8620dcb2c5881b38","CodeEvidence"
"evi:code:metric_tensor:5","agentsg/cell/canonical.py","_transform_metric_int","FunctionDef","201","G' = P^T G P for an integer matrix P (float G).","https://github.com/phzwart/agentsg/blob/main/agentsg/src/agentsg/cell/canonical.py","0d0339307258c89e4427500f9d1bd21773c1d65e8295724d0417ae488d6b04eb","CodeEvidence"
"evi:code:metric_tensor:6","agentsg/cell/metric.py","params_from_metric","FunctionDef","77","Recover ``(a, b, c, alpha, beta, gamma)`` from a metric tensor G.","https://github.com/phzwart/agentsg/blob/main/agentsg/src/agentsg/cell/metric.py","43c7edd2b2da3b6de2ef0722715b315b3cc42abbe156b500c44e9e69f9ba4254","CodeEvidence"
"evi:code:metric_tensor:7","agentsg/cell/primitive.py","_cell_from_metric","FunctionDef","68","Compute cell parameters from 3x3 metric tensor.","https://github.com/phzwart/agentsg/blob/main/agentsg/src/agentsg/cell/primitive.py","d794e48761ae8342658cde7fb55f4db933fc067180f19c26d514cd91b2c156d7","CodeEvidence"
"evi:code:metric_tensor:8","agentsg/cell/sublattice.py","apply_to_cell","FunctionDef","92","Apply a sublattice matrix M to a unit cell via G' = M^T G M.","https://github.com/phzwart/agentsg/blob/main/agentsg/src/agentsg/cell/sublattice.py","872987fe109d93e870696807207fc15fd59c57c3cfac61d1f219f15d9d68d409","CodeEvidence"
"evi:code:metric_tensor:9","agentsg/lattice_symmetry.py","_metric_tensor","FunctionDef","125","Compute 3x3 numeric metric tensor from cell parameters.","https://github.com/phzwart/agentsg/blob/main/agentsg/src/agentsg/lattice_symmetry.py","b352e5df08b3b56c056856b18b4609f8f39e0ba2f143ef69e9cc702f0ab706dc","CodeEvidence"
"evi:code:gram_matrix:0","agentsg/cell/reduction.py","_gram_from_params","FunctionDef","68","Construct 3x3 Gram matrix from unit-cell parameters.","https://github.com/phzwart/agentsg/blob/main/agentsg/src/agentsg/cell/reduction.py","d42440bde28637c6c18b82fa357fd97716b29568b69d17390d5a9085ee805be7","CodeEvidence"
"evi:code:reciprocal_metric:0","agentsg/cell/metric.py","UnitCell","ClassDef","110","A crystallographic unit cell defined by its six parameters.","https://github.com/phzwart/agentsg/blob/main/agentsg/src/agentsg/cell/metric.py","43c7edd2b2da3b6de2ef0722715b315b3cc42abbe156b500c44e9e69f9ba4254","CodeEvidence"
"evi:code:d_spacing:0","agentsg/cell/metric.py","UnitCell","ClassDef","110","A crystallographic unit cell defined by its six parameters.","https://github.com/phzwart/agentsg/blob/main/agentsg/src/agentsg/cell/metric.py","43c7edd2b2da3b6de2ef0722715b315b3cc42abbe156b500c44e9e69f9ba4254","CodeEvidence"
"evi:code:braggs_law:0","agentsg/cell/metric.py","UnitCell","ClassDef","110","A crystallographic unit cell defined by its six parameters.","https://github.com/phzwart/agentsg/blob/main/agentsg/src/agentsg/cell/metric.py","43c7edd2b2da3b6de2ef0722715b315b3cc42abbe156b500c44e9e69f9ba4254","CodeEvidence"
"evi:code:orthogonalization:0","agentsg/cell/metric.py","UnitCell","ClassDef","110","A crystallographic unit cell defined by its six parameters.","https://github.com/phzwart/agentsg/blob/main/agentsg/src/agentsg/cell/metric.py","43c7edd2b2da3b6de2ef0722715b315b3cc42abbe156b500c44e9e69f9ba4254","CodeEvidence"
"evi:code:orthogonalization:1","agentsg/cell/rootform.py","_cart_basis","FunctionDef","63","Cartesian lattice basis vectors (v1,v2,v3) as rows, from a unit cell.","https://github.com/phzwart/agentsg/blob/main/agentsg/src/agentsg/cell/rootform.py","87ddf3c3283e3d0c944748b27d4e45a5d787c02fb4793fa004a1dddb9fd563ce","CodeEvidence"
"evi:code:orthogonalization:2","agentsg/cell/metric.py","_inv3","FunctionDef","47","Inverse of a 3x3 float matrix via cofactor expansion.","https://github.com/phzwart/agentsg/blob/main/agentsg/src/agentsg/cell/metric.py","43c7edd2b2da3b6de2ef0722715b315b3cc42abbe156b500c44e9e69f9ba4254","CodeEvidence"
"evi:code:cell_volume:0","agentsg/cell/metric.py","UnitCell","ClassDef","110","A crystallographic unit cell defined by its six parameters.","https://github.com/phzwart/agentsg/blob/main/agentsg/src/agentsg/cell/metric.py","43c7edd2b2da3b6de2ef0722715b315b3cc42abbe156b500c44e9e69f9ba4254","CodeEvidence"
"evi:code:cell_volume:1","agentsg/cell/rootform.py","_cell_volume","FunctionDef","402","Unit-cell volume from parameters (local, dependency-free).","https://github.com/phzwart/agentsg/blob/main/agentsg/src/agentsg/cell/rootform.py","87ddf3c3283e3d0c944748b27d4e45a5d787c02fb4793fa004a1dddb9fd563ce","CodeEvidence"
"evi:code:metric_invariance:0","agentsg/cell/constraints.py","","module","2","The ONE sanctioned crossing of the exact/numeric boundary (see docs/DESIGN.md).","https://github.com/phzwart/agentsg/blob/main/agentsg/src/agentsg/cell/constraints.py","42f8e158b940fa388f9b813f7d9c2332e6a8cd9d687381f1cff5cb5bca8c787f","CodeEvidence"
"evi:code:metric_invariance:1","agentsg/cell/constraints.py","metric_is_invariant","FunctionDef","40","True iff W^T G W == G (within tol) for every rotation W in the point group.","https://github.com/phzwart/agentsg/blob/main/agentsg/src/agentsg/cell/constraints.py","42f8e158b940fa388f9b813f7d9c2332e6a8cd9d687381f1cff5cb5bca8c787f","CodeEvidence"
"evi:code:metric_invariance:2","agentsg/cell/constraints.py","free_metric_parameters","FunctionDef","78","Number of independent free parameters in a metric tensor invariant under","https://github.com/phzwart/agentsg/blob/main/agentsg/src/agentsg/cell/constraints.py","42f8e158b940fa388f9b813f7d9c2332e6a8cd9d687381f1cff5cb5bca8c787f","CodeEvidence"
"evi:code:neumanns_principle:0","agentsg/cell/constraints.py","","module","2","The ONE sanctioned crossing of the exact/numeric boundary (see docs/DESIGN.md).","https://github.com/phzwart/agentsg/blob/main/agentsg/src/agentsg/cell/constraints.py","42f8e158b940fa388f9b813f7d9c2332e6a8cd9d687381f1cff5cb5bca8c787f","CodeEvidence"
"evi:code:reynolds_operator:0","agentsg/cell/constraints.py","symmetrize_metric","FunctionDef","56","Project a numeric metric tensor onto the point-group-invariant subspace by","https://github.com/phzwart/agentsg/blob/main/agentsg/src/agentsg/cell/constraints.py","42f8e158b940fa388f9b813f7d9c2332e6a8cd9d687381f1cff5cb5bca8c787f","CodeEvidence"
"evi:code:reynolds_operator:1","agentsg/cell/g6.py","_symmetrize_metric","FunctionDef","157","Reynolds average (1/|G|) sum_i W_i^T G W_i over integer rotations.","https://github.com/phzwart/agentsg/blob/main/agentsg/src/agentsg/cell/g6.py","48b8df3ea479da734f3862cd4193794f2a5bf0bec51e8c7a8620dcb2c5881b38","CodeEvidence"
"evi:code:reynolds_operator:2","agentsg/lattice_symmetry.py","_reynolds_two_fold","FunctionDef","176","Reynolds average of G over {I, M}: (G + Mᵀ G M) / 2.","https://github.com/phzwart/agentsg/blob/main/agentsg/src/agentsg/lattice_symmetry.py","b352e5df08b3b56c056856b18b4609f8f39e0ba2f143ef69e9cc702f0ab706dc","CodeEvidence"
"evi:code:projection_operator:0","agentsg/cell/constraints.py","symmetrize_metric","FunctionDef","56","Project a numeric metric tensor onto the point-group-invariant subspace by","https://github.com/phzwart/agentsg/blob/main/agentsg/src/agentsg/cell/constraints.py","42f8e158b940fa388f9b813f7d9c2332e6a8cd9d687381f1cff5cb5bca8c787f","CodeEvidence"
"evi:code:primitive_cell:0","agentsg/cell/primitive.py","","module","1","Conventional-to-primitive cell reduction for centred lattices.","https://github.com/phzwart/agentsg/blob/main/agentsg/src/agentsg/cell/primitive.py","d794e48761ae8342658cde7fb55f4db933fc067180f19c26d514cd91b2c156d7","CodeEvidence"
"evi:code:primitive_cell:1","agentsg/cell/primitive.py","primitive_transform","FunctionDef","84","Return the primitive basis matrix P (3x3 list) for a space-group symbol.","https://github.com/phzwart/agentsg/blob/main/agentsg/src/agentsg/cell/primitive.py","d794e48761ae8342658cde7fb55f4db933fc067180f19c26d514cd91b2c156d7","CodeEvidence"
"evi:code:primitive_cell:2","agentsg/cell/selling_cob.py","primitive_matrix","FunctionDef","47","Centering matrix as exact rationals. Columns are the primitive basis.","https://github.com/phzwart/agentsg/blob/main/agentsg/src/agentsg/cell/selling_cob.py","270799e556b27920680132a94efe1317bbf01a98543e4b51465a0b87bd1d16d3","CodeEvidence"
"evi:code:primitive_cell:3","agentsg/cell/primitive.py","primitive_cell","FunctionDef","93","Reduce a conventional cell to its primitive cell for the given symbol.","https://github.com/phzwart/agentsg/blob/main/agentsg/src/agentsg/cell/primitive.py","d794e48761ae8342658cde7fb55f4db933fc067180f19c26d514cd91b2c156d7","CodeEvidence"
"evi:code:primitive_cell:4","agentsg/cell/primitive.py","lattice_letter","FunctionDef","46","Extract the Bravais lattice letter from an H-M or Hall symbol.","https://github.com/phzwart/agentsg/blob/main/agentsg/src/agentsg/cell/primitive.py","d794e48761ae8342658cde7fb55f4db933fc067180f19c26d514cd91b2c156d7","CodeEvidence"
"evi:code:primitive_cell:5","agentsg/cell/rootindex.py","_primitive_for_roots","FunctionDef","19","Obtain primitive cell if space group is known, else return input cell.","https://github.com/phzwart/agentsg/blob/main/agentsg/src/agentsg/cell/rootindex.py","cb4175115c2ed662fdb5bc6f88d1fa7610de05b91c88ae971853221961b74edd","CodeEvidence"
"evi:code:primitive_cell:6","agentsg/cell/celldb.py","_primitive_for_roots","FunctionDef","69","Primitive cell for root-invariant computation.","https://github.com/phzwart/agentsg/blob/main/agentsg/src/agentsg/cell/celldb.py","2e17851c07fd8b289d589a39c34091e7184a9e84e6976bd796dbb1f38731c24b","CodeEvidence"
"evi:code:primitive_basis:0","agentsg/semi_invariants.py","_primitive_basis","FunctionDef","58","Rows are a basis of ``L = Z³ + <centring>`` (row Hermite normal form).","https://github.com/phzwart/agentsg/blob/main/agentsg/src/agentsg/semi_invariants.py","d935951a7a4d9a3de8362d924daea809c15b0495b0149a1079fc6daea6ddb18a","CodeEvidence"
"evi:code:conventional_cell:0","agentsg/identify.py","","module","2","Space-group identification: closed operations -> IT number / Hall / HM.","https://github.com/phzwart/agentsg/blob/main/agentsg/src/agentsg/identify.py","8281a15347d0ada0efdc15045243ca80843cfc9e578ce12306f5c2c90cfe664f","CodeEvidence"
"evi:code:conventional_cell:1","agentsg/cell/primitive.py","","module","1","Conventional-to-primitive cell reduction for centred lattices.","https://github.com/phzwart/agentsg/blob/main/agentsg/src/agentsg/cell/primitive.py","d794e48761ae8342658cde7fb55f4db933fc067180f19c26d514cd91b2c156d7","CodeEvidence"
"evi:code:reduced_cell:0","agentsg/cell/reduction.py","","module","2","Niggli cell reduction -- the stabilised algorithm of Grosse-Kunstleve, Sauter &","https://github.com/phzwart/agentsg/blob/main/agentsg/src/agentsg/cell/reduction.py","d42440bde28637c6c18b82fa357fd97716b29568b69d17390d5a9085ee805be7","CodeEvidence"
"evi:code:reduced_cell:1","agentsg/cell/rootform.py","selling_reduced_cell","FunctionDef","78","One Selling-reduced cell: ``(a, b, c, alpha, beta, gamma)`` of ``v1,v2,v3``.","https://github.com/phzwart/agentsg/blob/main/agentsg/src/agentsg/cell/rootform.py","87ddf3c3283e3d0c944748b27d4e45a5d787c02fb4793fa004a1dddb9fd563ce","CodeEvidence"
"evi:code:niggli_reduction:0","agentsg/cell/reduction.py","","module","2","Niggli cell reduction -- the stabilised algorithm of Grosse-Kunstleve, Sauter &","https://github.com/phzwart/agentsg/blob/main/agentsg/src/agentsg/cell/reduction.py","d42440bde28637c6c18b82fa357fd97716b29568b69d17390d5a9085ee805be7","CodeEvidence"
"evi:code:niggli_reduction:1","agentsg/cell/reduction.py","niggli_gk","FunctionDef","123","Niggli-reduce a unit cell, tracking an exact change of basis.","https://github.com/phzwart/agentsg/blob/main/agentsg/src/agentsg/cell/reduction.py","d42440bde28637c6c18b82fa357fd97716b29568b69d17390d5a9085ee805be7","CodeEvidence"
"evi:code:niggli_reduction:2","agentsg/cell/reduction.py","niggli_reduce","FunctionDef","273","Niggli-reduce a unit cell.","https://github.com/phzwart/agentsg/blob/main/agentsg/src/agentsg/cell/reduction.py","d42440bde28637c6c18b82fa357fd97716b29568b69d17390d5a9085ee805be7","CodeEvidence"
"evi:code:niggli_reduction:3","agentsg/cell/reduction.py","_check_cob_invariant","FunctionDef","78","Assert M^T G_orig M == gram(reduced). Raises AssertionError on failure.","https://github.com/phzwart/agentsg/blob/main/agentsg/src/agentsg/cell/reduction.py","d42440bde28637c6c18b82fa357fd97716b29568b69d17390d5a9085ee805be7","CodeEvidence"
"evi:code:niggli_reduction:4","agentsg/cell/reduction.py","_sign_matrix","FunctionDef","92","Determinant-+1 diagonal integer matrix for the Krivy-Gruber sign step.","https://github.com/phzwart/agentsg/blob/main/agentsg/src/agentsg/cell/reduction.py","d42440bde28637c6c18b82fa357fd97716b29568b69d17390d5a9085ee805be7","CodeEvidence"
"evi:code:delaunay_selling_reduction:0","agentsg/cell/rootform.py","delaunay_superbase","FunctionDef","93","Reduce to an obtuse superbase; return the 4 superbase vectors.","https://github.com/phzwart/agentsg/blob/main/agentsg/src/agentsg/cell/rootform.py","87ddf3c3283e3d0c944748b27d4e45a5d787c02fb4793fa004a1dddb9fd563ce","CodeEvidence"
"evi:code:delaunay_selling_reduction:1","agentsg/cell/selling_closure.py","_selling_flip","FunctionDef","119","Selling move on pair (i,j): negate v_i, add to the two others except j.","https://github.com/phzwart/agentsg/blob/main/agentsg/src/agentsg/cell/selling_closure.py","d210d0ee8f9a540a5d7f7ffe68933d8dd4946a3095b82f203309d61fd15ed23f","CodeEvidence"
"evi:code:delaunay_selling_reduction:2","agentsg/cell/g6.py","","module","2","G6 / S6 lattice embeddings and boundary-aware distances.","https://github.com/phzwart/agentsg/blob/main/agentsg/src/agentsg/cell/g6.py","48b8df3ea479da734f3862cd4193794f2a5bf0bec51e8c7a8620dcb2c5881b38","CodeEvidence"
"evi:code:obtuse_superbase:0","agentsg/cell/selling_group.py","","module","1","The Selling reduction group as a set of change-of-basis operators.","https://github.com/phzwart/agentsg/blob/main/agentsg/src/agentsg/cell/selling_group.py","68d7e948d1cbc66385b15cc46fa7288e59f21bf42e75146c1121d5e69f3a98b8","CodeEvidence"
"evi:code:obtuse_superbase:1","agentsg/cell/selling_closure.py","_is_obtuse","FunctionDef","38","True if all scalar products v_i · v_j <= tol (obtuse superbase).","https://github.com/phzwart/agentsg/blob/main/agentsg/src/agentsg/cell/selling_closure.py","d210d0ee8f9a540a5d7f7ffe68933d8dd4946a3095b82f203309d61fd15ed23f","CodeEvidence"
"evi:code:obtuse_superbase:2","agentsg/cell/rootform.py","conorms","FunctionDef","152","The six conorms p_ij = -v_i.v_j (>= 0) of the obtuse superbase.","https://github.com/phzwart/agentsg/blob/main/agentsg/src/agentsg/cell/rootform.py","87ddf3c3283e3d0c944748b27d4e45a5d787c02fb4793fa004a1dddb9fd563ce","CodeEvidence"
"evi:code:obtuse_superbase:3","agentsg/cell/rootform.py","vonorms","FunctionDef","312","Seven vonorms (squared lengths) of the obtuse superbase of ``cell``.","https://github.com/phzwart/agentsg/blob/main/agentsg/src/agentsg/cell/rootform.py","87ddf3c3283e3d0c944748b27d4e45a5d787c02fb4793fa004a1dddb9fd563ce","CodeEvidence"
"evi:code:obtuse_superbase:4","agentsg/cell/rootform.py","vonorms_from_conorms","FunctionDef","289","Seven vonorms from six conorms (Kurlin Def. 2.6 / ABS D7).","https://github.com/phzwart/agentsg/blob/main/agentsg/src/agentsg/cell/rootform.py","87ddf3c3283e3d0c944748b27d4e45a5d787c02fb4793fa004a1dddb9fd563ce","CodeEvidence"
"evi:code:obtuse_superbase:5","agentsg/cell/rootform.py","conorm_sum","FunctionDef","159","Invariant T = Σ_{i<j} p_ij (same on every Selling-closure member).","https://github.com/phzwart/agentsg/blob/main/agentsg/src/agentsg/cell/rootform.py","87ddf3c3283e3d0c944748b27d4e45a5d787c02fb4793fa004a1dddb9fd563ce","CodeEvidence"
"evi:code:obtuse_superbase:6","agentsg/cell/rootform.py","_superbase_lengths","FunctionDef","146","Lengths |v_i| of the obtuse superbase vectors.","https://github.com/phzwart/agentsg/blob/main/agentsg/src/agentsg/cell/rootform.py","87ddf3c3283e3d0c944748b27d4e45a5d787c02fb4793fa004a1dddb9fd563ce","CodeEvidence"
"evi:code:obtuse_superbase:7","agentsg/cell/selling_closure.py","_conorm_sum","FunctionDef","57","T = Σ_{i<j} p_ij with p_ij = -v_i·v_j (invariant on the closure).","https://github.com/phzwart/agentsg/blob/main/agentsg/src/agentsg/cell/selling_closure.py","d210d0ee8f9a540a5d7f7ffe68933d8dd4946a3095b82f203309d61fd15ed23f","CodeEvidence"
"evi:code:voronoi_type:0","agentsg/cell/selling_closure.py","","module","1","Typed Selling-superbase closure (Kurlin Lemmas 4.1--4.5 / main_v5).","https://github.com/phzwart/agentsg/blob/main/agentsg/src/agentsg/cell/selling_closure.py","d210d0ee8f9a540a5d7f7ffe68933d8dd4946a3095b82f203309d61fd15ed23f","CodeEvidence"
"evi:code:voronoi_type:1","agentsg/cell/selling_closure.py","voronoi_type_from_superbase","FunctionDef","82","Classify Voronoi type V1--V5 from an obtuse superbase's zero conorms.","https://github.com/phzwart/agentsg/blob/main/agentsg/src/agentsg/cell/selling_closure.py","d210d0ee8f9a540a5d7f7ffe68933d8dd4946a3095b82f203309d61fd15ed23f","CodeEvidence"
"evi:code:voronoi_type:2","agentsg/cell/selling_closure.py","voronoi_type","FunctionDef","106","Voronoi type (1..5) of ``cell`` from its Selling-reduced superbase.","https://github.com/phzwart/agentsg/blob/main/agentsg/src/agentsg/cell/selling_closure.py","d210d0ee8f9a540a5d7f7ffe68933d8dd4946a3095b82f203309d61fd15ed23f","CodeEvidence"
"evi:code:voronoi_type:3","agentsg/cell/selling_closure.py","_zero_pairs","FunctionDef","28","Index pairs (i,j) with |v_i · v_j| <= tol (orthogonal / boundary).","https://github.com/phzwart/agentsg/blob/main/agentsg/src/agentsg/cell/selling_closure.py","d210d0ee8f9a540a5d7f7ffe68933d8dd4946a3095b82f203309d61fd15ed23f","CodeEvidence"
"evi:code:selling_closure:0","agentsg/cell/selling_closure.py","selling_superbase_closure","FunctionDef","161","Finite Selling-superbase closure of ``cell`` (typed, Kurlin 4.1--4.5).","https://github.com/phzwart/agentsg/blob/main/agentsg/src/agentsg/cell/selling_closure.py","d210d0ee8f9a540a5d7f7ffe68933d8dd4946a3095b82f203309d61fd15ed23f","CodeEvidence"
"evi:code:selling_closure:1","agentsg/cell/canonical.py","","module","2","Bet-free reindexing via the typed Selling-superbase closure (main_v5 / Kurlin).","https://github.com/phzwart/agentsg/blob/main/agentsg/src/agentsg/cell/canonical.py","0d0339307258c89e4427500f9d1bd21773c1d65e8295724d0417ae488d6b04eb","CodeEvidence"
"evi:code:selling_closure:2","agentsg/cell/selling_cob.py","","module","1","Deposited-cell to Selling-reduced change of basis, and reference-orbit match.","https://github.com/phzwart/agentsg/blob/main/agentsg/src/agentsg/cell/selling_cob.py","270799e556b27920680132a94efe1317bbf01a98543e4b51465a0b87bd1d16d3","CodeEvidence"
"evi:code:selling_closure:3","agentsg/cell/canonical.py","superbase_variants","FunctionDef","96","Optional noise expander: obtuse superbases near the reduced one.","https://github.com/phzwart/agentsg/blob/main/agentsg/src/agentsg/cell/canonical.py","0d0339307258c89e4427500f9d1bd21773c1d65e8295724d0417ae488d6b04eb","CodeEvidence"
"evi:code:selling_closure:4","agentsg/cell/canonical.py","_closure_for_match","FunctionDef","228","Full typed Selling-superbase closure, plus optional noise variants.","https://github.com/phzwart/agentsg/blob/main/agentsg/src/agentsg/cell/canonical.py","0d0339307258c89e4427500f9d1bd21773c1d65e8295724d0417ae488d6b04eb","CodeEvidence"
"evi:code:selling_closure:5","agentsg/cell/selling_closure.py","selling_closure_representatives","FunctionDef","217","One obtuse superbase per isometry class (diagnostic / class count).","https://github.com/phzwart/agentsg/blob/main/agentsg/src/agentsg/cell/selling_closure.py","d210d0ee8f9a540a5d7f7ffe68933d8dd4946a3095b82f203309d61fd15ed23f","CodeEvidence"
"evi:code:selling_closure:6","agentsg/cell/selling_closure.py","closure_class_count","FunctionDef","237","Number of isometry classes in the closure (1 for V1; up to 4 for V5).","https://github.com/phzwart/agentsg/blob/main/agentsg/src/agentsg/cell/selling_closure.py","d210d0ee8f9a540a5d7f7ffe68933d8dd4946a3095b82f203309d61fd15ed23f","CodeEvidence"
"evi:code:selling_closure:7","agentsg/cell/selling_closure.py","_class_seeds","FunctionDef","141","Seed superbases: reduced one plus Kurlin alternate-class maps.","https://github.com/phzwart/agentsg/blob/main/agentsg/src/agentsg/cell/selling_closure.py","d210d0ee8f9a540a5d7f7ffe68933d8dd4946a3095b82f203309d61fd15ed23f","CodeEvidence"
"evi:code:selling_closure:8","agentsg/cell/selling_closure.py","_v5_even_reps","FunctionDef","130","Three even-class representatives for a cuboid odd superbase (Lemma 4.5).","https://github.com/phzwart/agentsg/blob/main/agentsg/src/agentsg/cell/selling_closure.py","d210d0ee8f9a540a5d7f7ffe68933d8dd4946a3095b82f203309d61fd15ed23f","CodeEvidence"
"evi:code:kurlin_root_form:0","agentsg/cell/rootform.py","","module","2","Sorted root-product search key from Kurlin's root products.","https://github.com/phzwart/agentsg/blob/main/agentsg/src/agentsg/cell/rootform.py","87ddf3c3283e3d0c944748b27d4e45a5d787c02fb4793fa004a1dddb9fd563ce","CodeEvidence"
"evi:code:kurlin_root_form:1","agentsg/cell/rootform.py","sorted_root_key","FunctionDef","344","Return the sorted six-slot search key (default: √ conorms, Angstrom).","https://github.com/phzwart/agentsg/blob/main/agentsg/src/agentsg/cell/rootform.py","87ddf3c3283e3d0c944748b27d4e45a5d787c02fb4793fa004a1dddb9fd563ce","CodeEvidence"
"evi:code:kurlin_root_form:2","agentsg/cell/rootform.py","root_products","FunctionDef","227","Slot-wise root (or stabilised) products, keyed by index pair.","https://github.com/phzwart/agentsg/blob/main/agentsg/src/agentsg/cell/rootform.py","87ddf3c3283e3d0c944748b27d4e45a5d787c02fb4793fa004a1dddb9fd563ce","CodeEvidence"
"evi:code:kurlin_root_form:3","agentsg/cell/rootform.py","root_invariant","FunctionDef","358","Back-compat alias for :func:`sorted_root_key`.","https://github.com/phzwart/agentsg/blob/main/agentsg/src/agentsg/cell/rootform.py","87ddf3c3283e3d0c944748b27d4e45a5d787c02fb4793fa004a1dddb9fd563ce","CodeEvidence"
"evi:code:kurlin_root_form:4","agentsg/cell/rootform.py","root_distance","FunctionDef","375","Back-compat alias for :func:`sorted_root_distance`.","https://github.com/phzwart/agentsg/blob/main/agentsg/src/agentsg/cell/rootform.py","87ddf3c3283e3d0c944748b27d4e45a5d787c02fb4793fa004a1dddb9fd563ce","CodeEvidence"
"evi:code:kurlin_root_form:5","agentsg/cell/rootform.py","sorted_conorm_key","FunctionDef","270","Sorted six conorms ``sort(p)`` in Angstrom² (Lipschitz / S⁶-like key).","https://github.com/phzwart/agentsg/blob/main/agentsg/src/agentsg/cell/rootform.py","87ddf3c3283e3d0c944748b27d4e45a5d787c02fb4793fa004a1dddb9fd563ce","CodeEvidence"
"evi:code:kurlin_root_form:6","agentsg/cell/rootform.py","sorted_vonorm_key","FunctionDef","317","Sorted square roots of the seven vonorms (Angstrom; ABS D7 / Kurlin voform).","https://github.com/phzwart/agentsg/blob/main/agentsg/src/agentsg/cell/rootform.py","87ddf3c3283e3d0c944748b27d4e45a5d787c02fb4793fa004a1dddb9fd563ce","CodeEvidence"
"evi:code:kurlin_root_form:7","agentsg/cell/rootform.py","sorted_concat_key","FunctionDef","322","Concatenated sorted 6-root ‖ sorted √vonorm key in R^13.","https://github.com/phzwart/agentsg/blob/main/agentsg/src/agentsg/cell/rootform.py","87ddf3c3283e3d0c944748b27d4e45a5d787c02fb4793fa004a1dddb9fd563ce","CodeEvidence"
"evi:code:kurlin_root_form:8","agentsg/cell/rootform.py","sorted_root_distance","FunctionDef","368","Euclidean distance between sorted root keys (conservative search metric).","https://github.com/phzwart/agentsg/blob/main/agentsg/src/agentsg/cell/rootform.py","87ddf3c3283e3d0c944748b27d4e45a5d787c02fb4793fa004a1dddb9fd563ce","CodeEvidence"
"evi:code:kurlin_root_form:9","agentsg/cell/canonical.py","_rootmat","FunctionDef","209","Root-product matrix r_ij = sqrt(max(p_ij, 0)) -- linear in Angstrom, so a","https://github.com/phzwart/agentsg/blob/main/agentsg/src/agentsg/cell/canonical.py","0d0339307258c89e4427500f9d1bd21773c1d65e8295724d0417ae488d6b04eb","CodeEvidence"
"evi:code:kurlin_root_form:10","agentsg/cell/canonical.py","_roots_close","FunctionDef","217","Do A's root products match B's under label permutation ``perm`` within","https://github.com/phzwart/agentsg/blob/main/agentsg/src/agentsg/cell/canonical.py","0d0339307258c89e4427500f9d1bd21773c1d65e8295724d0417ae488d6b04eb","CodeEvidence"
"evi:code:rearrangement_inequality:0","agentsg/cell/rootform.py","sorted_key_lower_bound","FunctionDef","380","Rearrangement lower bound: ``||sort(x)-sort(y)|| <= min_σ∈G ||x-σy||``.","https://github.com/phzwart/agentsg/blob/main/agentsg/src/agentsg/cell/rootform.py","87ddf3c3283e3d0c944748b27d4e45a5d787c02fb4793fa004a1dddb9fd563ce","CodeEvidence"
"evi:code:rearrangement_inequality:1","agentsg/cell/rootform.py","","module","2","Sorted root-product search key from Kurlin's root products.","https://github.com/phzwart/agentsg/blob/main/agentsg/src/agentsg/cell/rootform.py","87ddf3c3283e3d0c944748b27d4e45a5d787c02fb4793fa004a1dddb9fd563ce","CodeEvidence"
"evi:code:similarity_invariant:0","agentsg/cell/rootform.py","similarity_invariant","FunctionDef","477","Volume-normalised sorted key ``key / V**(1/3)`` (a *similarity* key).","https://github.com/phzwart/agentsg/blob/main/agentsg/src/agentsg/cell/rootform.py","87ddf3c3283e3d0c944748b27d4e45a5d787c02fb4793fa004a1dddb9fd563ce","CodeEvidence"
"evi:code:similarity_invariant:1","agentsg/cell/rootform.py","root_volume_decomposition","FunctionDef","563","Split the sorted-key distance between two lattices into volume and shape.","https://github.com/phzwart/agentsg/blob/main/agentsg/src/agentsg/cell/rootform.py","87ddf3c3283e3d0c944748b27d4e45a5d787c02fb4793fa004a1dddb9fd563ce","CodeEvidence"
"evi:code:similarity_invariant:2","agentsg/cell/rootform.py","root_distance_to_volume_ratio","FunctionDef","411","Convert a sorted-key distance to the equivalent isotropic volume ratio.","https://github.com/phzwart/agentsg/blob/main/agentsg/src/agentsg/cell/rootform.py","87ddf3c3283e3d0c944748b27d4e45a5d787c02fb4793fa004a1dddb9fd563ce","CodeEvidence"
"evi:code:similarity_invariant:3","agentsg/cell/rootform.py","volume_ratio_to_root_distance","FunctionDef","431","Sorted-key distance produced by a pure isotropic volume change.","https://github.com/phzwart/agentsg/blob/main/agentsg/src/agentsg/cell/rootform.py","87ddf3c3283e3d0c944748b27d4e45a5d787c02fb4793fa004a1dddb9fd563ce","CodeEvidence"
"evi:code:similarity_invariant:4","agentsg/cell/rootform.py","root_cutoff_for_edge_tolerance","FunctionDef","501","Sorted-key distance cutoff corresponding to an accepted cell-edge change.","https://github.com/phzwart/agentsg/blob/main/agentsg/src/agentsg/cell/rootform.py","87ddf3c3283e3d0c944748b27d4e45a5d787c02fb4793fa004a1dddb9fd563ce","CodeEvidence"
"evi:code:similarity_invariant:5","agentsg/cell/rootform.py","symmetry_cutoff","FunctionDef","445","Scale-correct sorted-key cutoff for accepting a symmetrised cell.","https://github.com/phzwart/agentsg/blob/main/agentsg/src/agentsg/cell/rootform.py","87ddf3c3283e3d0c944748b27d4e45a5d787c02fb4793fa004a1dddb9fd563ce","CodeEvidence"
"evi:code:similarity_invariant:6","agentsg/cell/rootform.py","similarity_distance","FunctionDef","490","Euclidean distance between volume-normalised sorted keys.","https://github.com/phzwart/agentsg/blob/main/agentsg/src/agentsg/cell/rootform.py","87ddf3c3283e3d0c944748b27d4e45a5d787c02fb4793fa004a1dddb9fd563ce","CodeEvidence"
"evi:code:lattice_space:0","agentsg/cell/g6.py","","module","2","G6 / S6 lattice embeddings and boundary-aware distances.","https://github.com/phzwart/agentsg/blob/main/agentsg/src/agentsg/cell/g6.py","48b8df3ea479da734f3862cd4193794f2a5bf0bec51e8c7a8620dcb2c5881b38","CodeEvidence"
"evi:code:lattice_space:1","agentsg/cell/manifold.py","","module","2","Deformation-manifold scaffold: landmarks (inducing points) for path-consistent","https://github.com/phzwart/agentsg/blob/main/agentsg/src/agentsg/cell/manifold.py","24237599110eca7be9e155c477c2e61ded61429accda48405cc7fc91c58b8577","CodeEvidence"
"evi:code:lattice_space:2","agentsg/cell/neartree.py","","module","2","NearTree: a metric-space nearest-neighbour index for the lattice manifold.","https://github.com/phzwart/agentsg/blob/main/agentsg/src/agentsg/cell/neartree.py","ab0d0cc27737055cc3c3d8e8044c89094aebfcc8b691d6d31e7de79a3d086d92","CodeEvidence"
"evi:code:g6_s6_embedding:0","agentsg/cell/g6.py","","module","2","G6 / S6 lattice embeddings and boundary-aware distances.","https://github.com/phzwart/agentsg/blob/main/agentsg/src/agentsg/cell/g6.py","48b8df3ea479da734f3862cd4193794f2a5bf0bec51e8c7a8620dcb2c5881b38","CodeEvidence"
"evi:code:g6_s6_embedding:1","agentsg/cell/g6.py","g6_from_metric","FunctionDef","58","G6 vector (a.a, b.b, c.c, 2b.c, 2a.c, 2a.b) from a 3x3 metric tensor.","https://github.com/phzwart/agentsg/blob/main/agentsg/src/agentsg/cell/g6.py","48b8df3ea479da734f3862cd4193794f2a5bf0bec51e8c7a8620dcb2c5881b38","CodeEvidence"
"evi:code:g6_s6_embedding:2","agentsg/cell/g6.py","s6_from_metric","FunctionDef","63","S6 Selling scalars (b.c, a.c, a.b, a.d, b.d, c.d), d = -(a+b+c).","https://github.com/phzwart/agentsg/blob/main/agentsg/src/agentsg/cell/g6.py","48b8df3ea479da734f3862cd4193794f2a5bf0bec51e8c7a8620dcb2c5881b38","CodeEvidence"
"evi:code:symmetry_deficiency:0","agentsg/cell/g6.py","distance_to_symmetry","FunctionDef","186","Diagnostic G6 distance (Å²) from a cell to a point-group subspace.","https://github.com/phzwart/agentsg/blob/main/agentsg/src/agentsg/cell/g6.py","48b8df3ea479da734f3862cd4193794f2a5bf0bec51e8c7a8620dcb2c5881b38","CodeEvidence"
"evi:code:symmetry_deficiency:1","agentsg/cell/g6.py","kurlin_distance_to_symmetry","FunctionDef","208","Canonical Kurlin deficiency (Å) from a cell to a point-group subspace.","https://github.com/phzwart/agentsg/blob/main/agentsg/src/agentsg/cell/g6.py","48b8df3ea479da734f3862cd4193794f2a5bf0bec51e8c7a8620dcb2c5881b38","CodeEvidence"
"evi:code:symmetry_deficiency:2","agentsg/lattice_symmetry.py","kurlin_distance_to_two_fold","FunctionDef","185","Kurlin root-invariant distance from ``cell`` to its {I, M}-symmetrisation.","https://github.com/phzwart/agentsg/blob/main/agentsg/src/agentsg/lattice_symmetry.py","b352e5df08b3b56c056856b18b4609f8f39e0ba2f143ef69e9cc702f0ab706dc","CodeEvidence"
"evi:code:symmetry_deficiency:3","agentsg/cell/g6.py","symmetry_deficiency_spectrum","FunctionDef","224","Diagnostic G6 deficiency spectrum (Å²) over candidate holohedries.","https://github.com/phzwart/agentsg/blob/main/agentsg/src/agentsg/cell/g6.py","48b8df3ea479da734f3862cd4193794f2a5bf0bec51e8c7a8620dcb2c5881b38","CodeEvidence"
"evi:code:symmetry_deficiency:4","agentsg/cell/g6.py","kurlin_deficiency_spectrum","FunctionDef","238","Canonical Kurlin deficiency spectrum (Å) over candidate holohedries.","https://github.com/phzwart/agentsg/blob/main/agentsg/src/agentsg/cell/g6.py","48b8df3ea479da734f3862cd4193794f2a5bf0bec51e8c7a8620dcb2c5881b38","CodeEvidence"
"evi:code:pseudosymmetry:0","agentsg/lattice_symmetry.py","","module","2","Lattice (metric) symmetry determination -- Le Page (1982) / Lebedev et al. (2006).","https://github.com/phzwart/agentsg/blob/main/agentsg/src/agentsg/lattice_symmetry.py","b352e5df08b3b56c056856b18b4609f8f39e0ba2f143ef69e9cc702f0ab706dc","CodeEvidence"
"evi:code:pseudosymmetry:1","agentsg/cell/ambiguity.py","","module","2","Indexing-ambiguity (reindexing) operators for serial crystallography.","https://github.com/phzwart/agentsg/blob/main/agentsg/src/agentsg/cell/ambiguity.py","58f030d95e24dc20563eef1f52ea4290f369b45b1c0ed093f510b7813e4acf35","CodeEvidence"
"evi:code:lattice_symmetry_determination:0","agentsg/lattice_symmetry.py","","module","2","Lattice (metric) symmetry determination -- Le Page (1982) / Lebedev et al. (2006).","https://github.com/phzwart/agentsg/blob/main/agentsg/src/agentsg/lattice_symmetry.py","b352e5df08b3b56c056856b18b4609f8f39e0ba2f143ef69e9cc702f0ab706dc","CodeEvidence"
"evi:code:lattice_symmetry_determination:1","agentsg/lattice_symmetry.py","le_page_delta","FunctionDef","145","Angle (degrees) between the direct-space axis u and reciprocal-space axis h.","https://github.com/phzwart/agentsg/blob/main/agentsg/src/agentsg/lattice_symmetry.py","b352e5df08b3b56c056856b18b4609f8f39e0ba2f143ef69e9cc702f0ab706dc","CodeEvidence"
"evi:code:lattice_symmetry_determination:2","agentsg/lattice_symmetry.py","tolerance_metric_symmetry","FunctionDef","352","Metric-automorphism group of a cell within a (length, angle) tolerance.","https://github.com/phzwart/agentsg/blob/main/agentsg/src/agentsg/lattice_symmetry.py","b352e5df08b3b56c056856b18b4609f8f39e0ba2f143ef69e9cc702f0ab706dc","CodeEvidence"
"evi:code:lattice_symmetry_determination:3","agentsg/lattice_symmetry.py","_reciprocal_axis","FunctionDef","113","Reciprocal-space axis of the two-fold = direct axis of the transpose.","https://github.com/phzwart/agentsg/blob/main/agentsg/src/agentsg/lattice_symmetry.py","b352e5df08b3b56c056856b18b4609f8f39e0ba2f143ef69e9cc702f0ab706dc","CodeEvidence"
"evi:code:lattice_symmetry_determination:4","agentsg/lattice_symmetry.py","LatticeSymmetry","ClassDef","240","Result of a lattice-symmetry determination.","https://github.com/phzwart/agentsg/blob/main/agentsg/src/agentsg/lattice_symmetry.py","b352e5df08b3b56c056856b18b4609f8f39e0ba2f143ef69e9cc702f0ab706dc","CodeEvidence"
"evi:code:lattice_symmetry_determination:5","agentsg/lattice_symmetry.py","evaluate_two_folds","FunctionDef","218","Score all 81 Lebedev two-folds (Le Page δ + Kurlin distance).","https://github.com/phzwart/agentsg/blob/main/agentsg/src/agentsg/lattice_symmetry.py","b352e5df08b3b56c056856b18b4609f8f39e0ba2f143ef69e9cc702f0ab706dc","CodeEvidence"
"evi:code:lattice_symmetry_determination:6","agentsg/lattice_symmetry.py","TwoFoldScore","ClassDef","199","One Lebedev two-fold with Le Page δ and Kurlin root distance.","https://github.com/phzwart/agentsg/blob/main/agentsg/src/agentsg/lattice_symmetry.py","b352e5df08b3b56c056856b18b4609f8f39e0ba2f143ef69e9cc702f0ab706dc","CodeEvidence"
"evi:code:cell_comparison:0","agentsg/cell/compare.py","","module","2","Unit-cell comparison (""exploring metric symmetry"").","https://github.com/phzwart/agentsg/blob/main/agentsg/src/agentsg/cell/compare.py","4ca6930a5255b4cf5f2e48b2a03a8c03ad6e81ea437bba23f661e24852ea7004","CodeEvidence"
"evi:code:cell_comparison:1","agentsg/cell/compare.py","compare_cells","FunctionDef","80","Compare two unit cells and return all sublattice relations between them.","https://github.com/phzwart/agentsg/blob/main/agentsg/src/agentsg/cell/compare.py","4ca6930a5255b4cf5f2e48b2a03a8c03ad6e81ea437bba23f661e24852ea7004","CodeEvidence"
"evi:code:cell_comparison:2","agentsg/cell/celldb.py","CellDatabase","ClassDef","156","A DuckDB-backed lattice database keyed on the root invariant.","https://github.com/phzwart/agentsg/blob/main/agentsg/src/agentsg/cell/celldb.py","2e17851c07fd8b289d589a39c34091e7184a9e84e6976bd796dbb1f38731c24b","CodeEvidence"
"evi:code:sublattice:0","agentsg/cell/sublattice.py","","module","2","Sublattice generation via the Hermite normal form (HNF).","https://github.com/phzwart/agentsg/blob/main/agentsg/src/agentsg/cell/sublattice.py","872987fe109d93e870696807207fc15fd59c57c3cfac61d1f219f15d9d68d409","CodeEvidence"
"evi:code:sublattice:1","agentsg/cell/sublattice.py","generate_sublattices","FunctionDef","49","All index-``index`` sublattice matrices of Z^3 in Hermite normal form.","https://github.com/phzwart/agentsg/blob/main/agentsg/src/agentsg/cell/sublattice.py","872987fe109d93e870696807207fc15fd59c57c3cfac61d1f219f15d9d68d409","CodeEvidence"
"evi:code:sublattice:2","agentsg/cell/sublattice.py","sublattice_count","FunctionDef","69","Closed-form count of index-``index`` sublattices: sum_{a d f = n} a^2 d.","https://github.com/phzwart/agentsg/blob/main/agentsg/src/agentsg/cell/sublattice.py","872987fe109d93e870696807207fc15fd59c57c3cfac61d1f219f15d9d68d409","CodeEvidence"
"evi:code:sublattice:3","agentsg/cell/sublattice.py","diagonal_triples","FunctionDef","40","All ordered positive triples (a, d, f) with a*d*f = index (trial division).","https://github.com/phzwart/agentsg/blob/main/agentsg/src/agentsg/cell/sublattice.py","872987fe109d93e870696807207fc15fd59c57c3cfac61d1f219f15d9d68d409","CodeEvidence"
"evi:code:sublattice:4","agentsg/cell/compare.py","CellMatch","ClassDef","39","One solution of a cell comparison.","https://github.com/phzwart/agentsg/blob/main/agentsg/src/agentsg/cell/compare.py","4ca6930a5255b4cf5f2e48b2a03a8c03ad6e81ea437bba23f661e24852ea7004","CodeEvidence"
"evi:code:saturated_sublattice:0","agentsg/reflection_lattice.py","_int_kernel","FunctionDef","56","Basis of ``{x in Z^n : A x = 0}`` (saturated) by unimodular column","https://github.com/phzwart/agentsg/blob/main/agentsg/src/agentsg/reflection_lattice.py","538655915e70d6509ce88d3e57feb8db3eb358261c18aa7366ac2a4c493ff50c","CodeEvidence"
"evi:code:saturated_sublattice:1","agentsg/reflection_lattice.py","_intersect","FunctionDef","275","Saturated basis of ``span(b1) ∩ span(b2) ∩ Z^3``.","https://github.com/phzwart/agentsg/blob/main/agentsg/src/agentsg/reflection_lattice.py","538655915e70d6509ce88d3e57feb8db3eb358261c18aa7366ac2a4c493ff50c","CodeEvidence"
"evi:code:dual_lattice:0","agentsg/reflection_lattice.py","dual_lattice","FunctionDef","376","The sublattice ``{c in Z^d : c . v in Z for every v}`` of rational vectors.","https://github.com/phzwart/agentsg/blob/main/agentsg/src/agentsg/reflection_lattice.py","538655915e70d6509ce88d3e57feb8db3eb358261c18aa7366ac2a4c493ff50c","CodeEvidence"
"evi:code:dual_lattice:1","agentsg/semi_invariants.py","","module","2","Allowed origins and structure semi-invariants, as one lattice computation.","https://github.com/phzwart/agentsg/blob/main/agentsg/src/agentsg/semi_invariants.py","d935951a7a4d9a3de8362d924daea809c15b0495b0149a1079fc6daea6ddb18a","CodeEvidence"
"evi:code:dual_basis:0","agentsg/change_of_basis.py","","module","2","Change-of-basis / reindexing operator (P, p).","https://github.com/phzwart/agentsg/blob/main/agentsg/src/agentsg/change_of_basis.py","be1c03a26c68feadc7c1a03c46e94aed81113893badec8f75574e95ad7601291","CodeEvidence"
"evi:code:reindexing:0","agentsg/cell/reindex.py","","module","2","Reindexing between two settings of the same lattice, and twin-law cosets.","https://github.com/phzwart/agentsg/blob/main/agentsg/src/agentsg/cell/reindex.py","dfef1d20e2d696fd18c89be034e0984e3da678255af12134d70651d64c612d70","CodeEvidence"
"evi:code:reindexing:1","agentsg/cell/reindex.py","reindexing_operators","FunctionDef","124","Return the complete coset of integer operators reindexing A onto B.","https://github.com/phzwart/agentsg/blob/main/agentsg/src/agentsg/cell/reindex.py","dfef1d20e2d696fd18c89be034e0984e3da678255af12134d70651d64c612d70","CodeEvidence"
"evi:code:reindexing:2","agentsg/cell/canonical.py","reindexing_via_canonical","FunctionDef","261","Reindexing operators A -> B via Selling-superbase closure matching.","https://github.com/phzwart/agentsg/blob/main/agentsg/src/agentsg/cell/canonical.py","0d0339307258c89e4427500f9d1bd21773c1d65e8295724d0417ae488d6b04eb","CodeEvidence"
"evi:code:reindexing:3","agentsg/cell/selling_cob.py","match_operators","FunctionDef","229","Operators from the reference deposited cell to the PDB deposited cell.","https://github.com/phzwart/agentsg/blob/main/agentsg/src/agentsg/cell/selling_cob.py","270799e556b27920680132a94efe1317bbf01a98543e4b51465a0b87bd1d16d3","CodeEvidence"
"evi:code:reindexing:4","agentsg/cell/selling_cob.py","deposited_to_reduced","FunctionDef","93","Return ``(red_params, P)`` from the deposited cell to one Selling-reduced cell.","https://github.com/phzwart/agentsg/blob/main/agentsg/src/agentsg/cell/selling_cob.py","270799e556b27920680132a94efe1317bbf01a98543e4b51465a0b87bd1d16d3","CodeEvidence"
"evi:code:reindexing:5","agentsg/cell/selling_cob.py","selling_matrix","FunctionDef","73","Integer unimodular matrix, primitive (or already-P) cell to one obtuse basis.","https://github.com/phzwart/agentsg/blob/main/agentsg/src/agentsg/cell/selling_cob.py","270799e556b27920680132a94efe1317bbf01a98543e4b51465a0b87bd1d16d3","CodeEvidence"
"evi:code:reindexing:6","agentsg/cell/selling_cob.py","reference_orbit","FunctionDef","145","Selling-reduce ``cell`` and enumerate the typed closure once.","https://github.com/phzwart/agentsg/blob/main/agentsg/src/agentsg/cell/selling_cob.py","270799e556b27920680132a94efe1317bbf01a98543e4b51465a0b87bd1d16d3","CodeEvidence"
"evi:code:reindexing:7","agentsg/cell/canonical.py","canonical_superbase","FunctionDef","52","Delaunay/Selling-reduce ``cell`` to an obtuse superbase, tracked in","https://github.com/phzwart/agentsg/blob/main/agentsg/src/agentsg/cell/canonical.py","0d0339307258c89e4427500f9d1bd21773c1d65e8295724d0417ae488d6b04eb","CodeEvidence"
"evi:code:reindexing:8","agentsg/cell/canonical.py","reindexing_operator_via_canonical","FunctionDef","347","One reindexing operator A -> B via canonical superbase, or None.","https://github.com/phzwart/agentsg/blob/main/agentsg/src/agentsg/cell/canonical.py","0d0339307258c89e4427500f9d1bd21773c1d65e8295724d0417ae488d6b04eb","CodeEvidence"
"evi:code:reindexing:9","agentsg/cell/canonical.py","best_reindex_with_residual","FunctionDef","418","Best canonical reindexing operator A -> B and its metric residual.","https://github.com/phzwart/agentsg/blob/main/agentsg/src/agentsg/cell/canonical.py","0d0339307258c89e4427500f9d1bd21773c1d65e8295724d0417ae488d6b04eb","CodeEvidence"
"evi:code:reindexing:10","agentsg/cell/canonical.py","_reindex_coset","FunctionDef","461","All integer operators tied (within a relative band) with the minimum","https://github.com/phzwart/agentsg/blob/main/agentsg/src/agentsg/cell/canonical.py","0d0339307258c89e4427500f9d1bd21773c1d65e8295724d0417ae488d6b04eb","CodeEvidence"
"evi:code:reindexing:11","agentsg/cell/canonical.py","reindex","FunctionDef","508","Reindex ``cell_A`` onto ``cell_B``, gated solely by the Kurlin root distance.","https://github.com/phzwart/agentsg/blob/main/agentsg/src/agentsg/cell/canonical.py","0d0339307258c89e4427500f9d1bd21773c1d65e8295724d0417ae488d6b04eb","CodeEvidence"
"evi:code:reindexing:12","agentsg/cell/canonical.py","calibrate_verify_tol","FunctionDef","353","Derive a data-driven ``verify_abs`` residual threshold from a baseline.","https://github.com/phzwart/agentsg/blob/main/agentsg/src/agentsg/cell/canonical.py","0d0339307258c89e4427500f9d1bd21773c1d65e8295724d0417ae488d6b04eb","CodeEvidence"
"evi:code:reindexing:13","agentsg/cell/reindex.py","reindexing_operator","FunctionDef","140","Return one integer operator reindexing A onto B (or None).","https://github.com/phzwart/agentsg/blob/main/agentsg/src/agentsg/cell/reindex.py","dfef1d20e2d696fd18c89be034e0984e3da678255af12134d70651d64c612d70","CodeEvidence"
"evi:code:reindexing:14","agentsg/cell/reindex.py","_find_base_reindex","FunctionDef","90","Find one integer P with P^T G_A P == G_B (the SPECIFIC setting B).","https://github.com/phzwart/agentsg/blob/main/agentsg/src/agentsg/cell/reindex.py","dfef1d20e2d696fd18c89be034e0984e3da678255af12134d70651d64c612d70","CodeEvidence"
"evi:code:reindexing:15","agentsg/cell/reindex.py","_lattice_symmetry_matrices","FunctionDef","70","Integer rotation matrices of the (tolerance) lattice symmetry group H.","https://github.com/phzwart/agentsg/blob/main/agentsg/src/agentsg/cell/reindex.py","dfef1d20e2d696fd18c89be034e0984e3da678255af12134d70651d64c612d70","CodeEvidence"
"evi:code:indexing_ambiguity:0","agentsg/cell/ambiguity.py","","module","2","Indexing-ambiguity (reindexing) operators for serial crystallography.","https://github.com/phzwart/agentsg/blob/main/agentsg/src/agentsg/cell/ambiguity.py","58f030d95e24dc20563eef1f52ea4290f369b45b1c0ed093f510b7813e4acf35","CodeEvidence"
"evi:code:indexing_ambiguity:1","agentsg/cell/ambiguity.py","reindexing_ambiguity_operators","FunctionDef","126","Return the reindexing-ambiguity operators for a (space group, cell).","https://github.com/phzwart/agentsg/blob/main/agentsg/src/agentsg/cell/ambiguity.py","58f030d95e24dc20563eef1f52ea4290f369b45b1c0ed093f510b7813e4acf35","CodeEvidence"
"evi:code:indexing_ambiguity:2","agentsg/cell/ambiguity.py","ReindexingReference","ClassDef","198","A fixed reference setting for a serial dataset.","https://github.com/phzwart/agentsg/blob/main/agentsg/src/agentsg/cell/ambiguity.py","58f030d95e24dc20563eef1f52ea4290f369b45b1c0ed093f510b7813e4acf35","CodeEvidence"
"evi:code:indexing_ambiguity:3","agentsg/cell/ambiguity.py","ambiguity_index","FunctionDef","192","Number of indexing ambiguities = |tolerance metric symmetry| / |Laue group|.","https://github.com/phzwart/agentsg/blob/main/agentsg/src/agentsg/cell/ambiguity.py","58f030d95e24dc20563eef1f52ea4290f369b45b1c0ed093f510b7813e4acf35","CodeEvidence"
"evi:code:indexing_ambiguity:4","agentsg/cell/ambiguity.py","AmbiguityResolution","ClassDef","332","Result of an intensity-based branch decision.","https://github.com/phzwart/agentsg/blob/main/agentsg/src/agentsg/cell/ambiguity.py","58f030d95e24dc20563eef1f52ea4290f369b45b1c0ed093f510b7813e4acf35","CodeEvidence"
"evi:code:indexing_ambiguity:5","agentsg/cell/ambiguity.py","GeometricOperator","ClassDef","439","One geometrically-allowed reindexing operator, with provenance.","https://github.com/phzwart/agentsg/blob/main/agentsg/src/agentsg/cell/ambiguity.py","58f030d95e24dc20563eef1f52ea4290f369b45b1c0ed093f510b7813e4acf35","CodeEvidence"
"evi:code:indexing_ambiguity:6","agentsg/cell/ambiguity.py","surface_geometric_operators","FunctionDef","472","Return the COMPLETE list of geometrically-allowed reindexing operators.","https://github.com/phzwart/agentsg/blob/main/agentsg/src/agentsg/cell/ambiguity.py","58f030d95e24dc20563eef1f52ea4290f369b45b1c0ed093f510b7813e4acf35","CodeEvidence"
"evi:code:indexing_ambiguity:7","agentsg/cell/ambiguity.py","apply_to_hkl_batch","FunctionDef","169","Apply a reindexing operator to an (N, 3) array of Miller indices.","https://github.com/phzwart/agentsg/blob/main/agentsg/src/agentsg/cell/ambiguity.py","58f030d95e24dc20563eef1f52ea4290f369b45b1c0ed093f510b7813e4acf35","CodeEvidence"
"evi:code:indexing_ambiguity:8","agentsg/cell/ambiguity.py","_cached_ambiguity","FunctionDef","94","Coset reps in the *input* basis.","https://github.com/phzwart/agentsg/blob/main/agentsg/src/agentsg/cell/ambiguity.py","58f030d95e24dc20563eef1f52ea4290f369b45b1c0ed093f510b7813e4acf35","CodeEvidence"
"evi:code:twinning_merohedry:0","agentsg/cell/reindex.py","","module","2","Reindexing between two settings of the same lattice, and twin-law cosets.","https://github.com/phzwart/agentsg/blob/main/agentsg/src/agentsg/cell/reindex.py","dfef1d20e2d696fd18c89be034e0984e3da678255af12134d70651d64c612d70","CodeEvidence"
"evi:code:twinning_merohedry:1","agentsg/cell/reindex.py","twin_laws","FunctionDef","149","Return twin-law coset representatives for a crystal on a given lattice.","https://github.com/phzwart/agentsg/blob/main/agentsg/src/agentsg/cell/reindex.py","dfef1d20e2d696fd18c89be034e0984e3da678255af12134d70651d64c612d70","CodeEvidence"
"evi:code:deformation_manifold:0","agentsg/cell/manifold.py","","module","2","Deformation-manifold scaffold: landmarks (inducing points) for path-consistent","https://github.com/phzwart/agentsg/blob/main/agentsg/src/agentsg/cell/manifold.py","24237599110eca7be9e155c477c2e61ded61429accda48405cc7fc91c58b8577","CodeEvidence"
"evi:code:deformation_manifold:1","agentsg/cell/manifold.py","DeformationManifold","ClassDef","235","A landmark scaffold over a set of lattice states for path-consistent","https://github.com/phzwart/agentsg/blob/main/agentsg/src/agentsg/cell/manifold.py","24237599110eca7be9e155c477c2e61ded61429accda48405cc7fc91c58b8577","CodeEvidence"
"evi:code:deformation_manifold:2","agentsg/cell/manifold.py","_metric_degeneracies","FunctionDef","126","Fixed-setting metric near-degeneracy signals that flag a symmetry junction.","https://github.com/phzwart/agentsg/blob/main/agentsg/src/agentsg/cell/manifold.py","24237599110eca7be9e155c477c2e61ded61429accda48405cc7fc91c58b8577","CodeEvidence"
"evi:code:deformation_manifold:3","agentsg/cell/manifold.py","symmetry_junctions","FunctionDef","148","Indices of states that are STRICT local minima of a metric-degeneracy","https://github.com/phzwart/agentsg/blob/main/agentsg/src/agentsg/cell/manifold.py","24237599110eca7be9e155c477c2e61ded61429accda48405cc7fc91c58b8577","CodeEvidence"
"evi:code:deformation_manifold:4","agentsg/cell/manifold.py","select_landmarks","FunctionDef","207","Physically-motivated landmark set: endpoints (extrema of the deformation","https://github.com/phzwart/agentsg/blob/main/agentsg/src/agentsg/cell/manifold.py","24237599110eca7be9e155c477c2e61ded61429accda48405cc7fc91c58b8577","CodeEvidence"
"evi:code:space_group_identification:0","agentsg/identify.py","","module","2","Space-group identification: closed operations -> IT number / Hall / HM.","https://github.com/phzwart/agentsg/blob/main/agentsg/src/agentsg/identify.py","8281a15347d0ada0efdc15045243ca80843cfc9e578ce12306f5c2c90cfe664f","CodeEvidence"
"evi:code:space_group_identification:1","agentsg/identify.py","identify_space_group","FunctionDef","456","Identify a closed (or generatable) operation set as one of the 230.","https://github.com/phzwart/agentsg/blob/main/agentsg/src/agentsg/identify.py","8281a15347d0ada0efdc15045243ca80843cfc9e578ce12306f5c2c90cfe664f","CodeEvidence"
"evi:code:space_group_identification:2","agentsg/identify.py","_identify_by_origin","FunctionDef","346","Match ``ops`` to a Hall reference up to origin shift only.","https://github.com/phzwart/agentsg/blob/main/agentsg/src/agentsg/identify.py","8281a15347d0ada0efdc15045243ca80843cfc9e578ce12306f5c2c90cfe664f","CodeEvidence"
"evi:code:space_group_identification:3","agentsg/identify.py","_identify_by_cob","FunctionDef","379","Match via integer CoB + centring expansion + origin shift.","https://github.com/phzwart/agentsg/blob/main/agentsg/src/agentsg/identify.py","8281a15347d0ada0efdc15045243ca80843cfc9e578ce12306f5c2c90cfe664f","CodeEvidence"
"evi:code:space_group_identification:4","agentsg/identify.py","hall_from_ops","FunctionDef","486","Return the tabulated Hall symbol for the identified reference setting.","https://github.com/phzwart/agentsg/blob/main/agentsg/src/agentsg/identify.py","8281a15347d0ada0efdc15045243ca80843cfc9e578ce12306f5c2c90cfe664f","CodeEvidence"
"evi:code:selling_settings:0","agentsg/cell/selling_settings.py","","module","1","Enumerate the settings of a space group under the Selling reduction group.","https://github.com/phzwart/agentsg/blob/main/agentsg/src/agentsg/cell/selling_settings.py","941b044f2ec1c706df40be146cddb63dede32385f2f4cd68a1f04b8a0affc3f6","CodeEvidence"
"evi:code:selling_settings:1","agentsg/cell/selling_settings.py","selling_settings","FunctionDef","89","All 48 settings of ``base_symbol`` under the Selling reduction group.","https://github.com/phzwart/agentsg/blob/main/agentsg/src/agentsg/cell/selling_settings.py","941b044f2ec1c706df40be146cddb63dede32385f2f4cd68a1f04b8a0affc3f6","CodeEvidence"
"evi:code:selling_settings:2","agentsg/cell/selling_settings.py","SellingSetting","ClassDef","36","One setting of a base group under a Selling operator.","https://github.com/phzwart/agentsg/blob/main/agentsg/src/agentsg/cell/selling_settings.py","941b044f2ec1c706df40be146cddb63dede32385f2f4cd68a1f04b8a0affc3f6","CodeEvidence"
"evi:code:selling_settings:3","agentsg/cell/selling_settings.py","_reduction_cob","FunctionDef","66","The integer change of basis taking ``cell`` to its Delaunay/Selling-","https://github.com/phzwart/agentsg/blob/main/agentsg/src/agentsg/cell/selling_settings.py","941b044f2ec1c706df40be146cddb63dede32385f2f4cd68a1f04b8a0affc3f6","CodeEvidence"
"evi:code:selling_settings:4","agentsg/cell/selling_settings.py","distinct_settings","FunctionDef","126","The DISTINCT settings under the Selling group, keyed by operation set.","https://github.com/phzwart/agentsg/blob/main/agentsg/src/agentsg/cell/selling_settings.py","941b044f2ec1c706df40be146cddb63dede32385f2f4cd68a1f04b8a0affc3f6","CodeEvidence"
"evi:code:nearest_neighbour_search:0","agentsg/cell/celldb.py","","module","2","celldb: a persistent unit-cell / symmetry database keyed on the root invariant.","https://github.com/phzwart/agentsg/blob/main/agentsg/src/agentsg/cell/celldb.py","2e17851c07fd8b289d589a39c34091e7184a9e84e6976bd796dbb1f38731c24b","CodeEvidence"
"evi:code:nearest_neighbour_search:1","agentsg/cell/rootindex.py","","module","1","KD-tree index over precomputed Kurlin root invariants (6D Euclidean, Å).","https://github.com/phzwart/agentsg/blob/main/agentsg/src/agentsg/cell/rootindex.py","cb4175115c2ed662fdb5bc6f88d1fa7610de05b91c88ae971853221961b74edd","CodeEvidence"
"evi:code:nearest_neighbour_search:2","agentsg/cell/neartree.py","","module","2","NearTree: a metric-space nearest-neighbour index for the lattice manifold.","https://github.com/phzwart/agentsg/blob/main/agentsg/src/agentsg/cell/neartree.py","ab0d0cc27737055cc3c3d8e8044c89094aebfcc8b691d6d31e7de79a3d086d92","CodeEvidence"
"evi:code:kd_tree:0","agentsg/cell/rootindex.py","","module","1","KD-tree index over precomputed Kurlin root invariants (6D Euclidean, Å).","https://github.com/phzwart/agentsg/blob/main/agentsg/src/agentsg/cell/rootindex.py","cb4175115c2ed662fdb5bc6f88d1fa7610de05b91c88ae971853221961b74edd","CodeEvidence"
"evi:code:kd_tree:1","agentsg/cell/rootindex.py","RootIndex","ClassDef","49","Prebuilt cKDTree over root invariants for fast repeated cell queries.","https://github.com/phzwart/agentsg/blob/main/agentsg/src/agentsg/cell/rootindex.py","cb4175115c2ed662fdb5bc6f88d1fa7610de05b91c88ae971853221961b74edd","CodeEvidence"
"evi:code:kd_tree:2","agentsg/cell/rootindex.py","build_root_index","FunctionDef","29","Build a :class:`RootIndex` from ``(root_tuple, payload)`` pairs.","https://github.com/phzwart/agentsg/blob/main/agentsg/src/agentsg/cell/rootindex.py","cb4175115c2ed662fdb5bc6f88d1fa7610de05b91c88ae971853221961b74edd","CodeEvidence"
"evi:code:kd_tree:3","agentsg/cell/neartree.py","lattice_index","FunctionDef","190","Build a KD-tree over lattices, keyed on the root invariant.","https://github.com/phzwart/agentsg/blob/main/agentsg/src/agentsg/cell/neartree.py","ab0d0cc27737055cc3c3d8e8044c89094aebfcc8b691d6d31e7de79a3d086d92","CodeEvidence"
"evi:code:neartree:0","agentsg/cell/neartree.py","","module","2","NearTree: a metric-space nearest-neighbour index for the lattice manifold.","https://github.com/phzwart/agentsg/blob/main/agentsg/src/agentsg/cell/neartree.py","ab0d0cc27737055cc3c3d8e8044c89094aebfcc8b691d6d31e7de79a3d086d92","CodeEvidence"
"evi:code:neartree:1","agentsg/cell/neartree.py","NearTree","ClassDef","27","Exact nearest-neighbour index over an arbitrary metric.","https://github.com/phzwart/agentsg/blob/main/agentsg/src/agentsg/cell/neartree.py","ab0d0cc27737055cc3c3d8e8044c89094aebfcc8b691d6d31e7de79a3d086d92","CodeEvidence"
"evi:code:neartree:2","agentsg/cell/neartree.py","build_neartree","FunctionDef","175","Build a NearTree from an iterable of (point, payload) pairs.","https://github.com/phzwart/agentsg/blob/main/agentsg/src/agentsg/cell/neartree.py","ab0d0cc27737055cc3c3d8e8044c89094aebfcc8b691d6d31e7de79a3d086d92","CodeEvidence"
"evi:code:metric_space:0","agentsg/cell/neartree.py","","module","2","NearTree: a metric-space nearest-neighbour index for the lattice manifold.","https://github.com/phzwart/agentsg/blob/main/agentsg/src/agentsg/cell/neartree.py","ab0d0cc27737055cc3c3d8e8044c89094aebfcc8b691d6d31e7de79a3d086d92","CodeEvidence"
"evi:code:euclidean_distance:0","agentsg/cell/rootform.py","sorted_root_distance","FunctionDef","368","Euclidean distance between sorted root keys (conservative search metric).","https://github.com/phzwart/agentsg/blob/main/agentsg/src/agentsg/cell/rootform.py","87ddf3c3283e3d0c944748b27d4e45a5d787c02fb4793fa004a1dddb9fd563ce","CodeEvidence"
"evi:code:euclidean_distance:1","agentsg/cell/g6.py","_euclid","FunctionDef","83","Euclidean distance between two numeric sequences.","https://github.com/phzwart/agentsg/blob/main/agentsg/src/agentsg/cell/g6.py","48b8df3ea479da734f3862cd4193794f2a5bf0bec51e8c7a8620dcb2c5881b38","CodeEvidence"
"evi:code:euclidean_distance:2","agentsg/cell/g6.py","g6_distance","FunctionDef","116","Distance between two lattices in G6 (units: Angstrom^2).","https://github.com/phzwart/agentsg/blob/main/agentsg/src/agentsg/cell/g6.py","48b8df3ea479da734f3862cd4193794f2a5bf0bec51e8c7a8620dcb2c5881b38","CodeEvidence"
"evi:code:euclidean_distance:3","agentsg/cell/g6.py","s6_distance","FunctionDef","140","Distance between two lattices in S6 (Selling) space (units: Angstrom^2).","https://github.com/phzwart/agentsg/blob/main/agentsg/src/agentsg/cell/g6.py","48b8df3ea479da734f3862cd4193794f2a5bf0bec51e8c7a8620dcb2c5881b38","CodeEvidence"
"evi:code:euclidean_distance:4","agentsg/cell/rootform.py","sorted_conorm_distance","FunctionDef","282","Euclidean distance between sorted conorm keys (Angstrom²).","https://github.com/phzwart/agentsg/blob/main/agentsg/src/agentsg/cell/rootform.py","87ddf3c3283e3d0c944748b27d4e45a5d787c02fb4793fa004a1dddb9fd563ce","CodeEvidence"
"evi:code:knn_graph:0","agentsg/cell/manifold.py","deformation_graph","FunctionDef","64","k-nearest-neighbour graph on lattice keys between cells.","https://github.com/phzwart/agentsg/blob/main/agentsg/src/agentsg/cell/manifold.py","24237599110eca7be9e155c477c2e61ded61429accda48405cc7fc91c58b8577","CodeEvidence"
"evi:code:dijkstra:0","agentsg/cell/manifold.py","_dijkstra","FunctionDef","106","Shortest-path distances from src over the weighted graph (pure Python).","https://github.com/phzwart/agentsg/blob/main/agentsg/src/agentsg/cell/manifold.py","24237599110eca7be9e155c477c2e61ded61429accda48405cc7fc91c58b8577","CodeEvidence"
"evi:code:graph_laplacian:0","agentsg/cell/manifold.py","DeformationManifold","ClassDef","235","A landmark scaffold over a set of lattice states for path-consistent","https://github.com/phzwart/agentsg/blob/main/agentsg/src/agentsg/cell/manifold.py","24237599110eca7be9e155c477c2e61ded61429accda48405cc7fc91c58b8577","CodeEvidence"
"evi:code:farthest_point_sampling:0","agentsg/cell/manifold.py","farthest_point_landmarks","FunctionDef","186","Farthest-point (k-center) sampling on the distance matrix: greedily pick","https://github.com/phzwart/agentsg/blob/main/agentsg/src/agentsg/cell/manifold.py","24237599110eca7be9e155c477c2e61ded61429accda48405cc7fc91c58b8577","CodeEvidence"
"evi:code:pearson_correlation:0","agentsg/cell/ambiguity.py","_pearson","FunctionDef","399","Compute Pearson correlation coefficient between pairs of scalar observations.","https://github.com/phzwart/agentsg/blob/main/agentsg/src/agentsg/cell/ambiguity.py","58f030d95e24dc20563eef1f52ea4290f369b45b1c0ed093f510b7813e4acf35","CodeEvidence"
"evi:code:pearson_correlation:1","agentsg/cell/ambiguity.py","ReindexingReference","ClassDef","198","A fixed reference setting for a serial dataset.","https://github.com/phzwart/agentsg/blob/main/agentsg/src/agentsg/cell/ambiguity.py","58f030d95e24dc20563eef1f52ea4290f369b45b1c0ed093f510b7813e4acf35","CodeEvidence"
"evi:code:svd_pca:0","agentsg/serve/scatter.py","","module","1","Scatter plot of a PDB-search hit set in the SVD basis of its Kurlin roots.","https://github.com/phzwart/agentsg/blob/main/agentsg/src/agentsg/serve/scatter.py","b7282b556fa04cf42a9e029aba0366da8ae59b2863e8371eef3d25da161ebd41","CodeEvidence"
"evi:code:svd_pca:1","agentsg/serve/scatter.py","root_svd","FunctionDef","12","Mean-centred SVD of an (n, 6) Kurlin-root matrix.","https://github.com/phzwart/agentsg/blob/main/agentsg/src/agentsg/serve/scatter.py","b7282b556fa04cf42a9e029aba0366da8ae59b2863e8371eef3d25da161ebd41","CodeEvidence"
"evi:code:svd_pca:2","agentsg/serve/handlers.py","_attach_root_plot","FunctionDef","612","SVD the hit-set Kurlin roots and attach a PC1–PC2 scatter.","https://github.com/phzwart/agentsg/blob/main/agentsg/src/agentsg/serve/handlers.py","782efd90ce78756838c66c2586038db5493479e568aa8af18796097ca3173f89","CodeEvidence"
"evi:code:svd_pca:3","agentsg/serve/scatter.py","project_query","FunctionDef","53","Place the query cell in the hit-set SVD basis (it is not part of the fit).","https://github.com/phzwart/agentsg/blob/main/agentsg/src/agentsg/serve/scatter.py","b7282b556fa04cf42a9e029aba0366da8ae59b2863e8371eef3d25da161ebd41","CodeEvidence"
"evi:code:svd_pca:4","agentsg/serve/scatter.py","scatter_payload","FunctionDef","116","SVD plus a base64 PNG. ``png_base64`` is null if matplotlib is missing.","https://github.com/phzwart/agentsg/blob/main/agentsg/src/agentsg/serve/scatter.py","b7282b556fa04cf42a9e029aba0366da8ae59b2863e8371eef3d25da161ebd41","CodeEvidence"
"evi:code:convex_hull:0","agentsg/cell/diagrams.py","_hull_polygon","FunctionDef","1566","2D convex hull as an (n, 2) array, or None when the points are flat.","https://github.com/phzwart/agentsg/blob/main/agentsg/src/agentsg/cell/diagrams.py","233c165dd9284833ba41ced3b87f5ac7a651247b30af938a7a1e78689ce2ee04","CodeEvidence"
"evi:code:floating_point_tolerance:0","agentsg/cell/reduction.py","","module","2","Niggli cell reduction -- the stabilised algorithm of Grosse-Kunstleve, Sauter &","https://github.com/phzwart/agentsg/blob/main/agentsg/src/agentsg/cell/reduction.py","d42440bde28637c6c18b82fa357fd97716b29568b69d17390d5a9085ee805be7","CodeEvidence"
"evi:code:floating_point_tolerance:1","agentsg/cell/selling_closure.py","_conorm_tol","FunctionDef","22","Relative numerical tolerance scaled by the maximum superbase vector length.","https://github.com/phzwart/agentsg/blob/main/agentsg/src/agentsg/cell/selling_closure.py","d210d0ee8f9a540a5d7f7ffe68933d8dd4946a3095b82f203309d61fd15ed23f","CodeEvidence"
"evi:code:floating_point_tolerance:2","agentsg/cell/constraints.py","metric_is_invariant","FunctionDef","40","True iff W^T G W == G (within tol) for every rotation W in the point group.","https://github.com/phzwart/agentsg/blob/main/agentsg/src/agentsg/cell/constraints.py","42f8e158b940fa388f9b813f7d9c2332e6a8cd9d687381f1cff5cb5bca8c787f","CodeEvidence"
"evi:code:torus_distance:0","agentsg/asu.py","_wrap_half","FunctionDef","214","Reduce a fractional delta into (-0.5, 0.5].","https://github.com/phzwart/agentsg/blob/main/agentsg/src/agentsg/asu.py","a6c388acb4030942f52c58ae22d83b2b5028be810444e08e404cd95a397f08ae","CodeEvidence"
"evi:code:torus_distance:1","agentsg/cell/diagrams.py","_stabilizer","FunctionDef","1468","Operations that fix ``centre`` (torus distance).","https://github.com/phzwart/agentsg/blob/main/agentsg/src/agentsg/cell/diagrams.py","233c165dd9284833ba41ced3b87f5ac7a651247b30af938a7a1e78689ce2ee04","CodeEvidence"
"evi:code:exact_rational_arithmetic:0","agentsg/linalg.py","","module","2","Exact-rational linear algebra primitives.","https://github.com/phzwart/agentsg/blob/main/agentsg/src/agentsg/linalg.py","86129ea3ce54f7b4656dd9e335dc636f5a0dff6ecc453c6316eb8c0e95e9b957","CodeEvidence"
"evi:code:exact_rational_arithmetic:1","agentsg/rational_solve.py","","module","2","Exact rational linear solvers used across the symmetry algebra.","https://github.com/phzwart/agentsg/blob/main/agentsg/src/agentsg/rational_solve.py","36f53665198b4f63c17342673e8750ea1c8fb3692ed45465208bd3041ce9812a","CodeEvidence"
"evi:code:determinant:0","agentsg/linalg.py","Matrix3","ClassDef","66","Exact 3x3 matrix with entries stored as exact fractions.","https://github.com/phzwart/agentsg/blob/main/agentsg/src/agentsg/linalg.py","86129ea3ce54f7b4656dd9e335dc636f5a0dff6ecc453c6316eb8c0e95e9b957","CodeEvidence"
"evi:code:determinant:1","agentsg/reflection_lattice.py","_det","FunctionDef","127","Integer determinant by Fraction Gaussian elimination (tiny matrices).","https://github.com/phzwart/agentsg/blob/main/agentsg/src/agentsg/reflection_lattice.py","538655915e70d6509ce88d3e57feb8db3eb358261c18aa7366ac2a4c493ff50c","CodeEvidence"
"evi:code:determinant:2","agentsg/lattice_symmetry.py","_det3_int","FunctionDef","56","Determinant of a 3x3 integer matrix.","https://github.com/phzwart/agentsg/blob/main/agentsg/src/agentsg/lattice_symmetry.py","b352e5df08b3b56c056856b18b4609f8f39e0ba2f143ef69e9cc702f0ab706dc","CodeEvidence"
"evi:code:determinant:3","agentsg/cell/metric.py","_det3","FunctionDef","41","Determinant of a 3x3 float matrix.","https://github.com/phzwart/agentsg/blob/main/agentsg/src/agentsg/cell/metric.py","43c7edd2b2da3b6de2ef0722715b315b3cc42abbe156b500c44e9e69f9ba4254","CodeEvidence"
"evi:code:matrix_inverse:0","agentsg/linalg.py","Matrix3","ClassDef","66","Exact 3x3 matrix with entries stored as exact fractions.","https://github.com/phzwart/agentsg/blob/main/agentsg/src/agentsg/linalg.py","86129ea3ce54f7b4656dd9e335dc636f5a0dff6ecc453c6316eb8c0e95e9b957","CodeEvidence"
"evi:code:matrix_inverse:1","agentsg/cell/reindex.py","_int_inv","FunctionDef","53","Inverse of a unimodular integer matrix, returned as an integer matrix.","https://github.com/phzwart/agentsg/blob/main/agentsg/src/agentsg/cell/reindex.py","dfef1d20e2d696fd18c89be034e0984e3da678255af12134d70651d64c612d70","CodeEvidence"
"evi:code:matrix_inverse:2","agentsg/reflection_lattice.py","_unimodular_inverse","FunctionDef","229","Exact integer inverse of a unimodular matrix (via Fraction elimination).","https://github.com/phzwart/agentsg/blob/main/agentsg/src/agentsg/reflection_lattice.py","538655915e70d6509ce88d3e57feb8db3eb358261c18aa7366ac2a4c493ff50c","CodeEvidence"
"evi:code:gaussian_elimination:0","agentsg/rational_solve.py","rref","FunctionDef","15","Reduced row echelon of [A|b] over the rationals; returns (R, c, pivots).","https://github.com/phzwart/agentsg/blob/main/agentsg/src/agentsg/rational_solve.py","36f53665198b4f63c17342673e8750ea1c8fb3692ed45465208bd3041ce9812a","CodeEvidence"
"evi:code:gaussian_elimination:1","agentsg/cell/symmetry_elements.py","_row_reduce","FunctionDef","118","Gaussian elimination over Fractions.","https://github.com/phzwart/agentsg/blob/main/agentsg/src/agentsg/cell/symmetry_elements.py","683dba1978e4faf1da311e39bcb512ee3bd8566d4f73d1c473c1eda1cc21f938","CodeEvidence"
"evi:code:gaussian_elimination:2","agentsg/cell/constraints.py","_rank","FunctionDef","103","Numeric rank of a small matrix via Gaussian elimination with pivoting.","https://github.com/phzwart/agentsg/blob/main/agentsg/src/agentsg/cell/constraints.py","42f8e158b940fa388f9b813f7d9c2332e6a8cd9d687381f1cff5cb5bca8c787f","CodeEvidence"
"evi:code:gaussian_elimination:3","agentsg/rational_solve.py","","module","2","Exact rational linear solvers used across the symmetry algebra.","https://github.com/phzwart/agentsg/blob/main/agentsg/src/agentsg/rational_solve.py","36f53665198b4f63c17342673e8750ea1c8fb3692ed45465208bd3041ce9812a","CodeEvidence"
"evi:code:rational_linear_solve:0","agentsg/rational_solve.py","solve_affine","FunctionDef","48","Solve M x = rhs over the rationals.","https://github.com/phzwart/agentsg/blob/main/agentsg/src/agentsg/rational_solve.py","36f53665198b4f63c17342673e8750ea1c8fb3692ed45465208bd3041ce9812a","CodeEvidence"
"evi:code:rational_linear_solve:1","agentsg/identify.py","","module","2","Space-group identification: closed operations -> IT number / Hall / HM.","https://github.com/phzwart/agentsg/blob/main/agentsg/src/agentsg/identify.py","8281a15347d0ada0efdc15045243ca80843cfc9e578ce12306f5c2c90cfe664f","CodeEvidence"
"evi:code:rational_linear_solve:2","agentsg/harker.py","site_from_harker","FunctionDef","143","Solve ``(I−W) x = u + w`` for a site giving Harker vector ``u``.","https://github.com/phzwart/agentsg/blob/main/agentsg/src/agentsg/harker.py","aa48c5174e652adb887df077f459174a1b429b05deb599076f83ebe2bda40d81","CodeEvidence"
"evi:code:kernel_nullspace:0","agentsg/reflection_lattice.py","_int_kernel","FunctionDef","56","Basis of ``{x in Z^n : A x = 0}`` (saturated) by unimodular column","https://github.com/phzwart/agentsg/blob/main/agentsg/src/agentsg/reflection_lattice.py","538655915e70d6509ce88d3e57feb8db3eb358261c18aa7366ac2a4c493ff50c","CodeEvidence"
"evi:code:kernel_nullspace:1","agentsg/cell/symmetry_elements.py","_integer_kernel","FunctionDef","150","Primitive integer basis of the kernel of a 3x3 integer matrix.","https://github.com/phzwart/agentsg/blob/main/agentsg/src/agentsg/cell/symmetry_elements.py","683dba1978e4faf1da311e39bcb512ee3bd8566d4f73d1c473c1eda1cc21f938","CodeEvidence"
"evi:code:kernel_nullspace:2","agentsg/harker.py","_left_nullspace","FunctionDef","155","Basis for ``{ n | nᵀ M = 0 }`` over Q.","https://github.com/phzwart/agentsg/blob/main/agentsg/src/agentsg/harker.py","aa48c5174e652adb887df077f459174a1b429b05deb599076f83ebe2bda40d81","CodeEvidence"
"evi:code:left_nullspace:0","agentsg/harker.py","_left_nullspace","FunctionDef","155","Basis for ``{ n | nᵀ M = 0 }`` over Q.","https://github.com/phzwart/agentsg/blob/main/agentsg/src/agentsg/harker.py","aa48c5174e652adb887df077f459174a1b429b05deb599076f83ebe2bda40d81","CodeEvidence"
"evi:code:matrix_rank:0","agentsg/harker.py","_matrix_rank","FunctionDef","164","Exact rank of a 3x3 matrix over the rationals.","https://github.com/phzwart/agentsg/blob/main/agentsg/src/agentsg/harker.py","aa48c5174e652adb887df077f459174a1b429b05deb599076f83ebe2bda40d81","CodeEvidence"
"evi:code:matrix_rank:1","agentsg/cell/constraints.py","_rank","FunctionDef","103","Numeric rank of a small matrix via Gaussian elimination with pivoting.","https://github.com/phzwart/agentsg/blob/main/agentsg/src/agentsg/cell/constraints.py","42f8e158b940fa388f9b813f7d9c2332e6a8cd9d687381f1cff5cb5bca8c787f","CodeEvidence"
"evi:code:affine_subspace:0","agentsg/wyckoff.py","","module","2","Wyckoff positions, site symmetry, and orbits -- all *computed* from the exact","https://github.com/phzwart/agentsg/blob/main/agentsg/src/agentsg/wyckoff.py","509f03408b4905eaf1b9799ecf76f0a72c24ab0ad01a162902a557d9e7128851","CodeEvidence"
"evi:code:affine_subspace:1","agentsg/harker.py","","module","2","Harker sections / lines from space-group operators (exact rational algebra).","https://github.com/phzwart/agentsg/blob/main/agentsg/src/agentsg/harker.py","aa48c5174e652adb887df077f459174a1b429b05deb599076f83ebe2bda40d81","CodeEvidence"
"evi:code:affine_transformation:0","agentsg/symmetry_op.py","","module","2","A crystallographic symmetry operation (W, w): x' = W x + w (mod 1).","https://github.com/phzwart/agentsg/blob/main/agentsg/src/agentsg/symmetry_op.py","4bff3d68b1e86ab0451668d0e64d289c45f5b5bdde2281548d3b34cec4964ed9","CodeEvidence"
"evi:code:affine_transformation:1","agentsg/cell/diagrams.py","_projection_maps","FunctionDef","1121","In-plane affine maps of every operation: image (right, down) = A x + t.","https://github.com/phzwart/agentsg/blob/main/agentsg/src/agentsg/cell/diagrams.py","233c165dd9284833ba41ced3b87f5ac7a651247b30af938a7a1e78689ce2ee04","CodeEvidence"
"evi:code:eigenvalue_symmetric:0","agentsg/asu.py","_eigh3_sorted","FunctionDef","418","Eigenvalues of a symmetric 3×3, ascending.","https://github.com/phzwart/agentsg/blob/main/agentsg/src/agentsg/asu.py","a6c388acb4030942f52c58ae22d83b2b5028be810444e08e404cd95a397f08ae","CodeEvidence"
"evi:code:eigenvalue_symmetric:1","agentsg/asu.py","_cubic_roots","FunctionDef","430","Real roots of aλ³ + bλ² + cλ + d = 0 (expects three real for SPD).","https://github.com/phzwart/agentsg/blob/main/agentsg/src/agentsg/asu.py","a6c388acb4030942f52c58ae22d83b2b5028be810444e08e404cd95a397f08ae","CodeEvidence"
"evi:code:eigenvalue_symmetric:2","agentsg/cell/manifold.py","DeformationManifold","ClassDef","235","A landmark scaffold over a set of lattice states for path-consistent","https://github.com/phzwart/agentsg/blob/main/agentsg/src/agentsg/cell/manifold.py","24237599110eca7be9e155c477c2e61ded61429accda48405cc7fc91c58b8577","CodeEvidence"
"evi:code:eigenvector:0","agentsg/lattice_symmetry.py","_two_fold_axis_direct","FunctionDef","87","Direct-space axis of a two-fold: the +1 eigenvector, as an integer triple.","https://github.com/phzwart/agentsg/blob/main/agentsg/src/agentsg/lattice_symmetry.py","b352e5df08b3b56c056856b18b4609f8f39e0ba2f143ef69e9cc702f0ab706dc","CodeEvidence"
"evi:code:unimodular_matrix:0","agentsg/lattice_symmetry.py","_lebedev_matrices","FunctionDef","63","All 480 unimodular integer 3x3 matrices with elements in {-1, 0, 1} and finite order.","https://github.com/phzwart/agentsg/blob/main/agentsg/src/agentsg/lattice_symmetry.py","b352e5df08b3b56c056856b18b4609f8f39e0ba2f143ef69e9cc702f0ab706dc","CodeEvidence"
"evi:code:unimodular_matrix:1","agentsg/cell/g6.py","_unimodular_pm1","FunctionDef","90","All integer 3x3 matrices with entries in {-1,0,1} and det = +/-1.","https://github.com/phzwart/agentsg/blob/main/agentsg/src/agentsg/cell/g6.py","48b8df3ea479da734f3862cd4193794f2a5bf0bec51e8c7a8620dcb2c5881b38","CodeEvidence"
"evi:code:unimodular_matrix:2","agentsg/cell/canonical.py","_inv3_unimod","FunctionDef","172","Exact INTEGER inverse of a unimodular (det = +-1) integer matrix.","https://github.com/phzwart/agentsg/blob/main/agentsg/src/agentsg/cell/canonical.py","0d0339307258c89e4427500f9d1bd21773c1d65e8295724d0417ae488d6b04eb","CodeEvidence"
"evi:code:unimodular_matrix:3","agentsg/cell/canonical.py","_int_or_none","FunctionDef","139","If a 3x3 Fraction matrix is integral, return it as int tuple; else None.","https://github.com/phzwart/agentsg/blob/main/agentsg/src/agentsg/cell/canonical.py","0d0339307258c89e4427500f9d1bd21773c1d65e8295724d0417ae488d6b04eb","CodeEvidence"
"evi:code:unimodular_matrix:4","agentsg/cell/canonical.py","_inv3_frac","FunctionDef","152","Exact inverse of a 3x3 integer matrix as Fractions (or None if singular).","https://github.com/phzwart/agentsg/blob/main/agentsg/src/agentsg/cell/canonical.py","0d0339307258c89e4427500f9d1bd21773c1d65e8295724d0417ae488d6b04eb","CodeEvidence"
"evi:code:unimodular_matrix:5","agentsg/cell/reindex.py","_int_inv","FunctionDef","53","Inverse of a unimodular integer matrix, returned as an integer matrix.","https://github.com/phzwart/agentsg/blob/main/agentsg/src/agentsg/cell/reindex.py","dfef1d20e2d696fd18c89be034e0984e3da678255af12134d70651d64c612d70","CodeEvidence"
"evi:code:hermite_normal_form:0","agentsg/reflection_lattice.py","_row_hnf","FunctionDef","91","Row Hermite normal form (pivots positive, entries above pivots reduced","https://github.com/phzwart/agentsg/blob/main/agentsg/src/agentsg/reflection_lattice.py","538655915e70d6509ce88d3e57feb8db3eb358261c18aa7366ac2a4c493ff50c","CodeEvidence"
"evi:code:hermite_normal_form:1","agentsg/cell/sublattice.py","","module","2","Sublattice generation via the Hermite normal form (HNF).","https://github.com/phzwart/agentsg/blob/main/agentsg/src/agentsg/cell/sublattice.py","872987fe109d93e870696807207fc15fd59c57c3cfac61d1f219f15d9d68d409","CodeEvidence"
"evi:code:hermite_normal_form:2","agentsg/cell/sublattice.py","is_hermite_normal_form","FunctionDef","74","True iff M is a valid upper-triangular HNF (positive diagonal, off-diagonal","https://github.com/phzwart/agentsg/blob/main/agentsg/src/agentsg/cell/sublattice.py","872987fe109d93e870696807207fc15fd59c57c3cfac61d1f219f15d9d68d409","CodeEvidence"
"evi:code:smith_normal_form:0","agentsg/reflection_lattice.py","smith_normal_form","FunctionDef","152","Smith normal form ``U A V = S`` of an integer matrix.","https://github.com/phzwart/agentsg/blob/main/agentsg/src/agentsg/reflection_lattice.py","538655915e70d6509ce88d3e57feb8db3eb358261c18aa7366ac2a4c493ff50c","CodeEvidence"
"evi:code:smith_normal_form:1","agentsg/reflection_lattice.py","dual_lattice","FunctionDef","376","The sublattice ``{c in Z^d : c . v in Z for every v}`` of rational vectors.","https://github.com/phzwart/agentsg/blob/main/agentsg/src/agentsg/reflection_lattice.py","538655915e70d6509ce88d3e57feb8db3eb358261c18aa7366ac2a4c493ff50c","CodeEvidence"
"evi:code:smith_normal_form:2","agentsg/semi_invariants.py","","module","2","Allowed origins and structure semi-invariants, as one lattice computation.","https://github.com/phzwart/agentsg/blob/main/agentsg/src/agentsg/semi_invariants.py","d935951a7a4d9a3de8362d924daea809c15b0495b0149a1079fc6daea6ddb18a","CodeEvidence"
"evi:code:finitely_generated_abelian_group:0","agentsg/semi_invariants.py","","module","2","Allowed origins and structure semi-invariants, as one lattice computation.","https://github.com/phzwart/agentsg/blob/main/agentsg/src/agentsg/semi_invariants.py","d935951a7a4d9a3de8362d924daea809c15b0495b0149a1079fc6daea6ddb18a","CodeEvidence"
"evi:code:finitely_generated_abelian_group:1","agentsg/semi_invariants.py","OriginLattice","ClassDef","71","Allowed-origin group ``T'`` of a space group, from one Smith normal form.","https://github.com/phzwart/agentsg/blob/main/agentsg/src/agentsg/semi_invariants.py","d935951a7a4d9a3de8362d924daea809c15b0495b0149a1079fc6daea6ddb18a","CodeEvidence"
"evi:code:linear_congruence:0","agentsg/reflection_lattice.py","_canon_congruence","FunctionDef","339","Canonical ``(f, m)`` for ``f . c ≡ 0 (mod m)``: content removed,","https://github.com/phzwart/agentsg/blob/main/agentsg/src/agentsg/reflection_lattice.py","538655915e70d6509ce88d3e57feb8db3eb358261c18aa7366ac2a4c493ff50c","CodeEvidence"
"evi:code:linear_congruence:1","agentsg/semi_invariants.py","SemiInvariant","ClassDef","296","One structure-semi-invariant congruence ``vector · h ≡ 0 (mod modulus)``.","https://github.com/phzwart/agentsg/blob/main/agentsg/src/agentsg/semi_invariants.py","d935951a7a4d9a3de8362d924daea809c15b0495b0149a1079fc6daea6ddb18a","CodeEvidence"
"evi:code:linear_congruence:2","agentsg/harker.py","HarkerConstraint","ClassDef","71","Linear constraint ``n · u ≡ c (mod 1)`` on Patterson coordinates.","https://github.com/phzwart/agentsg/blob/main/agentsg/src/agentsg/harker.py","aa48c5174e652adb887df077f459174a1b429b05deb599076f83ebe2bda40d81","CodeEvidence"
"evi:code:linear_congruence:3","agentsg/reflection_lattice.py","_congruence_index","FunctionDef","412","Index of ``{c : f . c ≡ 0 (mod m) for all (f, m)}`` -- each congruence is","https://github.com/phzwart/agentsg/blob/main/agentsg/src/agentsg/reflection_lattice.py","538655915e70d6509ce88d3e57feb8db3eb358261c18aa7366ac2a4c493ff50c","CodeEvidence"
"evi:code:linear_congruence:4","agentsg/reflections.py","_reduce_constraint","FunctionDef","112","Canonical ((a,b,c), m) with positive leading coeff and content removed.","https://github.com/phzwart/agentsg/blob/main/agentsg/src/agentsg/reflections.py","3963fd02b5b76c010549ec312de93021b308e2e3530fbbe960ef75a36851f3d1","CodeEvidence"
"evi:code:modular_arithmetic:0","agentsg/linalg.py","frac_mod1","FunctionDef","23","Reduce a Fraction into [0, 1), exactly.","https://github.com/phzwart/agentsg/blob/main/agentsg/src/agentsg/linalg.py","86129ea3ce54f7b4656dd9e335dc636f5a0dff6ecc453c6316eb8c0e95e9b957","CodeEvidence"
"evi:code:modular_arithmetic:1","agentsg/symmetry_op.py","","module","2","A crystallographic symmetry operation (W, w): x' = W x + w (mod 1).","https://github.com/phzwart/agentsg/blob/main/agentsg/src/agentsg/symmetry_op.py","4bff3d68b1e86ab0451668d0e64d289c45f5b5bdde2281548d3b34cec4964ed9","CodeEvidence"
"evi:code:modular_arithmetic:2","agentsg/wyckoff.py","_vec_mod1","FunctionDef","29","Reduce components of a vector into [0, 1).","https://github.com/phzwart/agentsg/blob/main/agentsg/src/agentsg/wyckoff.py","509f03408b4905eaf1b9799ecf76f0a72c24ab0ad01a162902a557d9e7128851","CodeEvidence"
"evi:code:modular_arithmetic:3","agentsg/linalg.py","Vector3","ClassDef","29","Exact 3-vector with components stored as exact fractions.","https://github.com/phzwart/agentsg/blob/main/agentsg/src/agentsg/linalg.py","86129ea3ce54f7b4656dd9e335dc636f5a0dff6ecc453c6316eb8c0e95e9b957","CodeEvidence"
"evi:code:modular_arithmetic:4","agentsg/asu.py","_wrap_half","FunctionDef","214","Reduce a fractional delta into (-0.5, 0.5].","https://github.com/phzwart/agentsg/blob/main/agentsg/src/agentsg/asu.py","a6c388acb4030942f52c58ae22d83b2b5028be810444e08e404cd95a397f08ae","CodeEvidence"
"evi:code:gcd_lcm:0","agentsg/lattice_symmetry.py","_igcd3","FunctionDef","104","Greatest common divisor of three integers.","https://github.com/phzwart/agentsg/blob/main/agentsg/src/agentsg/lattice_symmetry.py","b352e5df08b3b56c056856b18b4609f8f39e0ba2f143ef69e9cc702f0ab706dc","CodeEvidence"
"evi:code:gcd_lcm:1","agentsg/reflection_lattice.py","_canon_congruence","FunctionDef","339","Canonical ``(f, m)`` for ``f . c ≡ 0 (mod m)``: content removed,","https://github.com/phzwart/agentsg/blob/main/agentsg/src/agentsg/reflection_lattice.py","538655915e70d6509ce88d3e57feb8db3eb358261c18aa7366ac2a4c493ff50c","CodeEvidence"
"evi:code:matrix_order:0","agentsg/reflection_lattice.py","_matrix_order","FunctionDef","558","Order of integer rotation matrix W (smallest n>=1 with W^n = I).","https://github.com/phzwart/agentsg/blob/main/agentsg/src/agentsg/reflection_lattice.py","538655915e70d6509ce88d3e57feb8db3eb358261c18aa7366ac2a4c493ff50c","CodeEvidence"
"evi:code:matrix_order:1","agentsg/lattice_symmetry.py","_mat_pow_in_set","FunctionDef","38","True iff M, M^2, ... stay within {-1,0,1} and reach the identity.","https://github.com/phzwart/agentsg/blob/main/agentsg/src/agentsg/lattice_symmetry.py","b352e5df08b3b56c056856b18b4609f8f39e0ba2f143ef69e9cc702f0ab706dc","CodeEvidence"
